jurisdiction,year,ipcc_code,Product,tax,ets,tax_id,tax_rate_excl_ex_clcu,tax_ex_rate,tax_rate_incl_ex_clcu,tax_curr_code,ets_id,ets_price,ets_curr_code,recorded_date,recorded_year,country_name,country_code,exchange_rate,ets_price_usd
Austria,2005,1A1A1,Coal,0,1,,,,,nan,eu_ets,21.56,EUR,12/31/05,2005,Euro Zone,EUR,0.847,25.454545454545453
Austria,2006,1A1A1,Coal,0,1,,,,,nan,eu_ets,18.01,EUR,12/31/06,2006,Euro Zone,EUR,0.759,23.728590250329383
Austria,2007,1A1A1,Coal,0,1,,,,,nan,eu_ets,0.72,EUR,12/31/07,2007,Euro Zone,EUR,0.68,1.0588235294117645
Austria,2008,1A1A1,Coal,0,1,,,,,nan,eu_ets,17.38,EUR,12/31/08,2008,Euro Zone,EUR,0.731,23.77564979480164
Austria,2009,1A1A1,Coal,0,1,,,,,nan,eu_ets,13.15,EUR,12/31/09,2009,Euro Zone,EUR,0.695,18.92086330935252
Austria,2010,1A1A1,Coal,0,1,,,,,nan,eu_ets,14.34,EUR,12/31/10,2010,Euro Zone,EUR,0.77,18.623376623376622
Austria,2011,1A1A1,Coal,0,1,,,,,nan,eu_ets,12.94,EUR,12/31/11,2011,Euro Zone,EUR,0.765,16.915032679738562
Austria,2012,1A1A1,Coal,0,1,,,,,nan,eu_ets,7.38,EUR,12/31/12,2012,Euro Zone,EUR,0.759,9.723320158102766
Austria,2013,1A1A1,Coal,0,1,,,,,nan,eu_ets,4.47,EUR,12/31/13,2013,Euro Zone,EUR,0.726,6.1570247933884295
Austria,2014,1A1A1,Coal,0,1,,,,,nan,eu_ets,5.95,EUR,12/31/14,2014,Euro Zone,EUR,0.822,7.238442822384429
Austria,2015,1A1A1,Coal,0,1,,,,,nan,eu_ets,7.68,EUR,12/31/15,2015,EURO ZONE,EUR,0.919,8.356909684439607
Austria,2016,1A1A1,Coal,0,1,,,,,nan,eu_ets,5.35,EUR,12/31/16,2016,EURO ZONE,EUR,0.949,5.637513171759747
Austria,2017,1A1A1,Coal,0,1,,,,,nan,eu_ets,5.83,EUR,12/31/17,2017,EURO ZONE,EUR,0.833,6.998799519807924
Austria,2018,1A1A1,Coal,0,1,,,,,nan,eu_ets,15.82,EUR,12/31/18,2018,EURO ZONE,EUR,0.872,18.142201834862387
Austria,2019,1A1A1,Coal,0,1,,,,,nan,eu_ets,24.84,EUR,12/31/19,2019,Euro Zone,EUR,0.89,27.91011235955056
Austria,2020,1A1A1,Coal,0,1,,,,,nan,eu_ets,24.76,EUR,12/31/20,2020,Euro Zone,EUR,0.815,30.38036809815951
Austria,2021,1A1A1,Coal,0,1,,,,,nan,eu_ets,53.54,EUR,12/31/21,2021,Euro Zone,EUR,0.882,60.702947845804985
Austria,2022,1A1A1,Coal,0,1,,,,,nan,eu_ets,80.82,EUR,12/31/22,2022,Euro Zone,EUR,0.936,86.34615384615384
Belgium,2005,1A1A1,Coal,0,1,,,,,nan,eu_ets,21.56,EUR,12/31/05,2005,Euro Zone,EUR,0.847,25.454545454545453
Belgium,2006,1A1A1,Coal,0,1,,,,,nan,eu_ets,18.01,EUR,12/31/06,2006,Euro Zone,EUR,0.759,23.728590250329383
Belgium,2007,1A1A1,Coal,0,1,,,,,nan,eu_ets,0.72,EUR,12/31/07,2007,Euro Zone,EUR,0.68,1.0588235294117645
Belgium,2008,1A1A1,Coal,0,1,,,,,nan,eu_ets,17.38,EUR,12/31/08,2008,Euro Zone,EUR,0.731,23.77564979480164
Belgium,2009,1A1A1,Coal,0,1,,,,,nan,eu_ets,13.15,EUR,12/31/09,2009,Euro Zone,EUR,0.695,18.92086330935252
Belgium,2010,1A1A1,Coal,0,1,,,,,nan,eu_ets,14.34,EUR,12/31/10,2010,Euro Zone,EUR,0.77,18.623376623376622
Belgium,2011,1A1A1,Coal,0,1,,,,,nan,eu_ets,12.94,EUR,12/31/11,2011,Euro Zone,EUR,0.765,16.915032679738562
Belgium,2012,1A1A1,Coal,0,1,,,,,nan,eu_ets,7.38,EUR,12/31/12,2012,Euro Zone,EUR,0.759,9.723320158102766
Belgium,2013,1A1A1,Coal,0,1,,,,,nan,eu_ets,4.47,EUR,12/31/13,2013,Euro Zone,EUR,0.726,6.1570247933884295
Belgium,2014,1A1A1,Coal,0,1,,,,,nan,eu_ets,5.95,EUR,12/31/14,2014,Euro Zone,EUR,0.822,7.238442822384429
Belgium,2015,1A1A1,Coal,0,1,,,,,nan,eu_ets,7.68,EUR,12/31/15,2015,EURO ZONE,EUR,0.919,8.356909684439607
Belgium,2016,1A1A1,Coal,0,1,,,,,nan,eu_ets,5.35,EUR,12/31/16,2016,EURO ZONE,EUR,0.949,5.637513171759747
Belgium,2017,1A1A1,Coal,0,1,,,,,nan,eu_ets,5.83,EUR,12/31/17,2017,EURO ZONE,EUR,0.833,6.998799519807924
Belgium,2018,1A1A1,Coal,0,1,,,,,nan,eu_ets,15.82,EUR,12/31/18,2018,EURO ZONE,EUR,0.872,18.142201834862387
Belgium,2019,1A1A1,Coal,0,1,,,,,nan,eu_ets,24.84,EUR,12/31/19,2019,Euro Zone,EUR,0.89,27.91011235955056
Belgium,2020,1A1A1,Coal,0,1,,,,,nan,eu_ets,24.76,EUR,12/31/20,2020,Euro Zone,EUR,0.815,30.38036809815951
Belgium,2021,1A1A1,Coal,0,1,,,,,nan,eu_ets,53.54,EUR,12/31/21,2021,Euro Zone,EUR,0.882,60.702947845804985
Belgium,2022,1A1A1,Coal,0,1,,,,,nan,eu_ets,80.82,EUR,12/31/22,2022,Euro Zone,EUR,0.936,86.34615384615384
Bulgaria,2007,1A1A1,Coal,0,1,,,,,nan,eu_ets,0.72,EUR,12/31/07,2007,Euro Zone,EUR,0.68,1.0588235294117645
Bulgaria,2008,1A1A1,Coal,0,1,,,,,nan,eu_ets,17.38,EUR,12/31/08,2008,Euro Zone,EUR,0.731,23.77564979480164
Bulgaria,2009,1A1A1,Coal,0,1,,,,,nan,eu_ets,13.15,EUR,12/31/09,2009,Euro Zone,EUR,0.695,18.92086330935252
Bulgaria,2010,1A1A1,Coal,0,1,,,,,nan,eu_ets,14.34,EUR,12/31/10,2010,Euro Zone,EUR,0.77,18.623376623376622
Bulgaria,2011,1A1A1,Coal,0,1,,,,,nan,eu_ets,12.94,EUR,12/31/11,2011,Euro Zone,EUR,0.765,16.915032679738562
Bulgaria,2012,1A1A1,Coal,0,1,,,,,nan,eu_ets,7.38,EUR,12/31/12,2012,Euro Zone,EUR,0.759,9.723320158102766
Bulgaria,2013,1A1A1,Coal,0,1,,,,,nan,eu_ets,4.47,EUR,12/31/13,2013,Euro Zone,EUR,0.726,6.1570247933884295
Bulgaria,2014,1A1A1,Coal,0,1,,,,,nan,eu_ets,5.95,EUR,12/31/14,2014,Euro Zone,EUR,0.822,7.238442822384429
Bulgaria,2015,1A1A1,Coal,0,1,,,,,nan,eu_ets,7.68,EUR,12/31/15,2015,EURO ZONE,EUR,0.919,8.356909684439607
Bulgaria,2016,1A1A1,Coal,0,1,,,,,nan,eu_ets,5.35,EUR,12/31/16,2016,EURO ZONE,EUR,0.949,5.637513171759747
Bulgaria,2017,1A1A1,Coal,0,1,,,,,nan,eu_ets,5.83,EUR,12/31/17,2017,EURO ZONE,EUR,0.833,6.998799519807924
Bulgaria,2018,1A1A1,Coal,0,1,,,,,nan,eu_ets,15.82,EUR,12/31/18,2018,EURO ZONE,EUR,0.872,18.142201834862387
Bulgaria,2019,1A1A1,Coal,0,1,,,,,nan,eu_ets,24.84,EUR,12/31/19,2019,Euro Zone,EUR,0.89,27.91011235955056
Bulgaria,2020,1A1A1,Coal,0,1,,,,,nan,eu_ets,24.76,EUR,12/31/20,2020,Euro Zone,EUR,0.815,30.38036809815951
Bulgaria,2021,1A1A1,Coal,0,1,,,,,nan,eu_ets,53.54,EUR,12/31/21,2021,Euro Zone,EUR,0.882,60.702947845804985
Bulgaria,2022,1A1A1,Coal,0,1,,,,,nan,eu_ets,80.82,EUR,12/31/22,2022,Euro Zone,EUR,0.936,86.34615384615384
China,2021,1A1A1,Coal,0,1,,,,,nan,chn_ets,46.61,CNY,12/31/21,2021,China,CNY,6.373,7.313667032794602
Croatia,2013,1A1A1,Coal,0,1,,,,,nan,eu_ets,4.47,EUR,12/31/13,2013,Euro Zone,EUR,0.726,6.1570247933884295
Croatia,2014,1A1A1,Coal,0,1,,,,,nan,eu_ets,5.95,EUR,12/31/14,2014,Euro Zone,EUR,0.822,7.238442822384429
Croatia,2015,1A1A1,Coal,0,1,,,,,nan,eu_ets,7.68,EUR,12/31/15,2015,EURO ZONE,EUR,0.919,8.356909684439607
Croatia,2016,1A1A1,Coal,0,1,,,,,nan,eu_ets,5.35,EUR,12/31/16,2016,EURO ZONE,EUR,0.949,5.637513171759747
Croatia,2017,1A1A1,Coal,0,1,,,,,nan,eu_ets,5.83,EUR,12/31/17,2017,EURO ZONE,EUR,0.833,6.998799519807924
Croatia,2018,1A1A1,Coal,0,1,,,,,nan,eu_ets,15.82,EUR,12/31/18,2018,EURO ZONE,EUR,0.872,18.142201834862387
Croatia,2019,1A1A1,Coal,0,1,,,,,nan,eu_ets,24.84,EUR,12/31/19,2019,Euro Zone,EUR,0.89,27.91011235955056
Croatia,2020,1A1A1,Coal,0,1,,,,,nan,eu_ets,24.76,EUR,12/31/20,2020,Euro Zone,EUR,0.815,30.38036809815951
Croatia,2021,1A1A1,Coal,0,1,,,,,nan,eu_ets,53.54,EUR,12/31/21,2021,Euro Zone,EUR,0.882,60.702947845804985
Croatia,2022,1A1A1,Coal,0,1,,,,,nan,eu_ets,80.82,EUR,12/31/22,2022,Euro Zone,EUR,0.936,86.34615384615384
Cyprus,2005,1A1A1,Coal,0,1,,,,,nan,eu_ets,21.56,EUR,12/31/05,2005,Euro Zone,EUR,0.847,25.454545454545453
Cyprus,2006,1A1A1,Coal,0,1,,,,,nan,eu_ets,18.01,EUR,12/31/06,2006,Euro Zone,EUR,0.759,23.728590250329383
Cyprus,2007,1A1A1,Coal,0,1,,,,,nan,eu_ets,0.72,EUR,12/31/07,2007,Euro Zone,EUR,0.68,1.0588235294117645
Cyprus,2008,1A1A1,Coal,0,1,,,,,nan,eu_ets,17.38,EUR,12/31/08,2008,Euro Zone,EUR,0.731,23.77564979480164
Cyprus,2009,1A1A1,Coal,0,1,,,,,nan,eu_ets,13.15,EUR,12/31/09,2009,Euro Zone,EUR,0.695,18.92086330935252
Cyprus,2010,1A1A1,Coal,0,1,,,,,nan,eu_ets,14.34,EUR,12/31/10,2010,Euro Zone,EUR,0.77,18.623376623376622
Cyprus,2011,1A1A1,Coal,0,1,,,,,nan,eu_ets,12.94,EUR,12/31/11,2011,Euro Zone,EUR,0.765,16.915032679738562
Cyprus,2012,1A1A1,Coal,0,1,,,,,nan,eu_ets,7.38,EUR,12/31/12,2012,Euro Zone,EUR,0.759,9.723320158102766
Cyprus,2013,1A1A1,Coal,0,1,,,,,nan,eu_ets,4.47,EUR,12/31/13,2013,Euro Zone,EUR,0.726,6.1570247933884295
Cyprus,2014,1A1A1,Coal,0,1,,,,,nan,eu_ets,5.95,EUR,12/31/14,2014,Euro Zone,EUR,0.822,7.238442822384429
Cyprus,2015,1A1A1,Coal,0,1,,,,,nan,eu_ets,7.68,EUR,12/31/15,2015,EURO ZONE,EUR,0.919,8.356909684439607
Cyprus,2016,1A1A1,Coal,0,1,,,,,nan,eu_ets,5.35,EUR,12/31/16,2016,EURO ZONE,EUR,0.949,5.637513171759747
Cyprus,2017,1A1A1,Coal,0,1,,,,,nan,eu_ets,5.83,EUR,12/31/17,2017,EURO ZONE,EUR,0.833,6.998799519807924
Cyprus,2018,1A1A1,Coal,0,1,,,,,nan,eu_ets,15.82,EUR,12/31/18,2018,EURO ZONE,EUR,0.872,18.142201834862387
Cyprus,2019,1A1A1,Coal,0,1,,,,,nan,eu_ets,24.84,EUR,12/31/19,2019,Euro Zone,EUR,0.89,27.91011235955056
Cyprus,2020,1A1A1,Coal,0,1,,,,,nan,eu_ets,24.76,EUR,12/31/20,2020,Euro Zone,EUR,0.815,30.38036809815951
Cyprus,2021,1A1A1,Coal,0,1,,,,,nan,eu_ets,53.54,EUR,12/31/21,2021,Euro Zone,EUR,0.882,60.702947845804985
Cyprus,2022,1A1A1,Coal,0,1,,,,,nan,eu_ets,80.82,EUR,12/31/22,2022,Euro Zone,EUR,0.936,86.34615384615384
Czech Republic,2005,1A1A1,Coal,0,1,,,,,nan,eu_ets,21.56,EUR,12/31/05,2005,Euro Zone,EUR,0.847,25.454545454545453
Czech Republic,2006,1A1A1,Coal,0,1,,,,,nan,eu_ets,18.01,EUR,12/31/06,2006,Euro Zone,EUR,0.759,23.728590250329383
Czech Republic,2007,1A1A1,Coal,0,1,,,,,nan,eu_ets,0.72,EUR,12/31/07,2007,Euro Zone,EUR,0.68,1.0588235294117645
Czech Republic,2008,1A1A1,Coal,0,1,,,,,nan,eu_ets,17.38,EUR,12/31/08,2008,Euro Zone,EUR,0.731,23.77564979480164
Czech Republic,2009,1A1A1,Coal,0,1,,,,,nan,eu_ets,13.15,EUR,12/31/09,2009,Euro Zone,EUR,0.695,18.92086330935252
Czech Republic,2010,1A1A1,Coal,0,1,,,,,nan,eu_ets,14.34,EUR,12/31/10,2010,Euro Zone,EUR,0.77,18.623376623376622
Czech Republic,2011,1A1A1,Coal,0,1,,,,,nan,eu_ets,12.94,EUR,12/31/11,2011,Euro Zone,EUR,0.765,16.915032679738562
Czech Republic,2012,1A1A1,Coal,0,1,,,,,nan,eu_ets,7.38,EUR,12/31/12,2012,Euro Zone,EUR,0.759,9.723320158102766
Czech Republic,2013,1A1A1,Coal,0,1,,,,,nan,eu_ets,4.47,EUR,12/31/13,2013,Euro Zone,EUR,0.726,6.1570247933884295
Czech Republic,2014,1A1A1,Coal,0,1,,,,,nan,eu_ets,5.95,EUR,12/31/14,2014,Euro Zone,EUR,0.822,7.238442822384429
Czech Republic,2015,1A1A1,Coal,0,1,,,,,nan,eu_ets,7.68,EUR,12/31/15,2015,EURO ZONE,EUR,0.919,8.356909684439607
Czech Republic,2016,1A1A1,Coal,0,1,,,,,nan,eu_ets,5.35,EUR,12/31/16,2016,EURO ZONE,EUR,0.949,5.637513171759747
Czech Republic,2017,1A1A1,Coal,0,1,,,,,nan,eu_ets,5.83,EUR,12/31/17,2017,EURO ZONE,EUR,0.833,6.998799519807924
Czech Republic,2018,1A1A1,Coal,0,1,,,,,nan,eu_ets,15.82,EUR,12/31/18,2018,EURO ZONE,EUR,0.872,18.142201834862387
Czech Republic,2019,1A1A1,Coal,0,1,,,,,nan,eu_ets,24.84,EUR,12/31/19,2019,Euro Zone,EUR,0.89,27.91011235955056
Czech Republic,2020,1A1A1,Coal,0,1,,,,,nan,eu_ets,24.76,EUR,12/31/20,2020,Euro Zone,EUR,0.815,30.38036809815951
Czech Republic,2021,1A1A1,Coal,0,1,,,,,nan,eu_ets,53.54,EUR,12/31/21,2021,Euro Zone,EUR,0.882,60.702947845804985
Czech Republic,2022,1A1A1,Coal,0,1,,,,,nan,eu_ets,80.82,EUR,12/31/22,2022,Euro Zone,EUR,0.936,86.34615384615384
Denmark,2005,1A1A1,Coal,0,1,,,,,nan,eu_ets,21.56,EUR,12/31/05,2005,Euro Zone,EUR,0.847,25.454545454545453
Denmark,2006,1A1A1,Coal,0,1,,,,,nan,eu_ets,18.01,EUR,12/31/06,2006,Euro Zone,EUR,0.759,23.728590250329383
Denmark,2007,1A1A1,Coal,0,1,,,,,nan,eu_ets,0.72,EUR,12/31/07,2007,Euro Zone,EUR,0.68,1.0588235294117645
Denmark,2008,1A1A1,Coal,0,1,,,,,nan,eu_ets,17.38,EUR,12/31/08,2008,Euro Zone,EUR,0.731,23.77564979480164
Denmark,2009,1A1A1,Coal,0,1,,,,,nan,eu_ets,13.15,EUR,12/31/09,2009,Euro Zone,EUR,0.695,18.92086330935252
Denmark,2010,1A1A1,Coal,0,1,,,,,nan,eu_ets,14.34,EUR,12/31/10,2010,Euro Zone,EUR,0.77,18.623376623376622
Denmark,2011,1A1A1,Coal,0,1,,,,,nan,eu_ets,12.94,EUR,12/31/11,2011,Euro Zone,EUR,0.765,16.915032679738562
Denmark,2012,1A1A1,Coal,0,1,,,,,nan,eu_ets,7.38,EUR,12/31/12,2012,Euro Zone,EUR,0.759,9.723320158102766
Denmark,2013,1A1A1,Coal,0,1,,,,,nan,eu_ets,4.47,EUR,12/31/13,2013,Euro Zone,EUR,0.726,6.1570247933884295
Denmark,2014,1A1A1,Coal,0,1,,,,,nan,eu_ets,5.95,EUR,12/31/14,2014,Euro Zone,EUR,0.822,7.238442822384429
Denmark,2015,1A1A1,Coal,0,1,,,,,nan,eu_ets,7.68,EUR,12/31/15,2015,EURO ZONE,EUR,0.919,8.356909684439607
Denmark,2016,1A1A1,Coal,0,1,,,,,nan,eu_ets,5.35,EUR,12/31/16,2016,EURO ZONE,EUR,0.949,5.637513171759747
Denmark,2017,1A1A1,Coal,0,1,,,,,nan,eu_ets,5.83,EUR,12/31/17,2017,EURO ZONE,EUR,0.833,6.998799519807924
Denmark,2018,1A1A1,Coal,0,1,,,,,nan,eu_ets,15.82,EUR,12/31/18,2018,EURO ZONE,EUR,0.872,18.142201834862387
Denmark,2019,1A1A1,Coal,0,1,,,,,nan,eu_ets,24.84,EUR,12/31/19,2019,Euro Zone,EUR,0.89,27.91011235955056
Denmark,2020,1A1A1,Coal,0,1,,,,,nan,eu_ets,24.76,EUR,12/31/20,2020,Euro Zone,EUR,0.815,30.38036809815951
Denmark,2021,1A1A1,Coal,0,1,,,,,nan,eu_ets,53.54,EUR,12/31/21,2021,Euro Zone,EUR,0.882,60.702947845804985
Denmark,2022,1A1A1,Coal,0,1,,,,,nan,eu_ets,80.82,EUR,12/31/22,2022,Euro Zone,EUR,0.936,86.34615384615384
Estonia,2005,1A1A1,Coal,1,1,est_tax,0.72,0.0,0.72,EUR,eu_ets,21.56,EUR,12/31/05,2005,Euro Zone,EUR,0.847,25.454545454545453
Estonia,2006,1A1A1,Coal,1,1,est_tax,1.0,0.0,1.0,EUR,eu_ets,18.01,EUR,12/31/06,2006,Euro Zone,EUR,0.759,23.728590250329383
Estonia,2007,1A1A1,Coal,1,1,est_tax,1.0,0.0,1.0,EUR,eu_ets,0.72,EUR,12/31/07,2007,Euro Zone,EUR,0.68,1.0588235294117645
Estonia,2008,1A1A1,Coal,1,1,est_tax,1.5,0.0,1.5,EUR,eu_ets,17.38,EUR,12/31/08,2008,Euro Zone,EUR,0.731,23.77564979480164
Estonia,2009,1A1A1,Coal,1,1,est_tax,2.0,0.0,2.0,EUR,eu_ets,13.15,EUR,12/31/09,2009,Euro Zone,EUR,0.695,18.92086330935252
Estonia,2010,1A1A1,Coal,1,1,est_tax,2.0,0.0,2.0,EUR,eu_ets,14.34,EUR,12/31/10,2010,Euro Zone,EUR,0.77,18.623376623376622
Estonia,2011,1A1A1,Coal,1,1,est_tax,2.0,0.0,2.0,EUR,eu_ets,12.94,EUR,12/31/11,2011,Euro Zone,EUR,0.765,16.915032679738562
Estonia,2012,1A1A1,Coal,1,1,est_tax,2.0,0.0,2.0,EUR,eu_ets,7.38,EUR,12/31/12,2012,Euro Zone,EUR,0.759,9.723320158102766
Estonia,2013,1A1A1,Coal,1,1,est_tax,2.0,0.0,2.0,EUR,eu_ets,4.47,EUR,12/31/13,2013,Euro Zone,EUR,0.726,6.1570247933884295
Estonia,2014,1A1A1,Coal,1,1,est_tax,2.0,0.0,2.0,EUR,eu_ets,5.95,EUR,12/31/14,2014,Euro Zone,EUR,0.822,7.238442822384429
Estonia,2015,1A1A1,Coal,1,1,est_tax,2.0,0.0,2.0,EUR,eu_ets,7.68,EUR,12/31/15,2015,EURO ZONE,EUR,0.919,8.356909684439607
Estonia,2016,1A1A1,Coal,1,1,est_tax,2.0,0.0,2.0,EUR,eu_ets,5.35,EUR,12/31/16,2016,EURO ZONE,EUR,0.949,5.637513171759747
Estonia,2017,1A1A1,Coal,1,1,est_tax,2.0,0.0,2.0,EUR,eu_ets,5.83,EUR,12/31/17,2017,EURO ZONE,EUR,0.833,6.998799519807924
Estonia,2018,1A1A1,Coal,1,1,est_tax,2.0,0.0,2.0,EUR,eu_ets,15.82,EUR,12/31/18,2018,EURO ZONE,EUR,0.872,18.142201834862387
Estonia,2019,1A1A1,Coal,1,1,est_tax,2.0,0.0,2.0,EUR,eu_ets,24.84,EUR,12/31/19,2019,Euro Zone,EUR,0.89,27.91011235955056
Estonia,2020,1A1A1,Coal,1,1,est_tax,2.0,0.0,2.0,EUR,eu_ets,24.76,EUR,12/31/20,2020,Euro Zone,EUR,0.815,30.38036809815951
Estonia,2021,1A1A1,Coal,1,1,est_tax,2.0,0.0,2.0,EUR,eu_ets,53.54,EUR,12/31/21,2021,Euro Zone,EUR,0.882,60.702947845804985
Estonia,2022,1A1A1,Coal,0,1,,,,,nan,eu_ets,80.82,EUR,12/31/22,2022,Euro Zone,EUR,0.936,86.34615384615384
Finland,2005,1A1A1,Coal,0,1,,,,,nan,eu_ets,21.56,EUR,12/31/05,2005,Euro Zone,EUR,0.847,25.454545454545453
Finland,2006,1A1A1,Coal,0,1,,,,,nan,eu_ets,18.01,EUR,12/31/06,2006,Euro Zone,EUR,0.759,23.728590250329383
Finland,2007,1A1A1,Coal,0,1,,,,,nan,eu_ets,0.72,EUR,12/31/07,2007,Euro Zone,EUR,0.68,1.0588235294117645
Finland,2008,1A1A1,Coal,0,1,,,,,nan,eu_ets,17.38,EUR,12/31/08,2008,Euro Zone,EUR,0.731,23.77564979480164
Finland,2009,1A1A1,Coal,0,1,,,,,nan,eu_ets,13.15,EUR,12/31/09,2009,Euro Zone,EUR,0.695,18.92086330935252
Finland,2010,1A1A1,Coal,0,1,,,,,nan,eu_ets,14.34,EUR,12/31/10,2010,Euro Zone,EUR,0.77,18.623376623376622
Finland,2011,1A1A1,Coal,0,1,,,,,nan,eu_ets,12.94,EUR,12/31/11,2011,Euro Zone,EUR,0.765,16.915032679738562
Finland,2012,1A1A1,Coal,0,1,,,,,nan,eu_ets,7.38,EUR,12/31/12,2012,Euro Zone,EUR,0.759,9.723320158102766
Finland,2013,1A1A1,Coal,0,1,,,,,nan,eu_ets,4.47,EUR,12/31/13,2013,Euro Zone,EUR,0.726,6.1570247933884295
Finland,2014,1A1A1,Coal,0,1,,,,,nan,eu_ets,5.95,EUR,12/31/14,2014,Euro Zone,EUR,0.822,7.238442822384429
Finland,2015,1A1A1,Coal,0,1,,,,,nan,eu_ets,7.68,EUR,12/31/15,2015,EURO ZONE,EUR,0.919,8.356909684439607
Finland,2016,1A1A1,Coal,0,1,,,,,nan,eu_ets,5.35,EUR,12/31/16,2016,EURO ZONE,EUR,0.949,5.637513171759747
Finland,2017,1A1A1,Coal,0,1,,,,,nan,eu_ets,5.83,EUR,12/31/17,2017,EURO ZONE,EUR,0.833,6.998799519807924
Finland,2018,1A1A1,Coal,0,1,,,,,nan,eu_ets,15.82,EUR,12/31/18,2018,EURO ZONE,EUR,0.872,18.142201834862387
Finland,2019,1A1A1,Coal,0,1,,,,,nan,eu_ets,24.84,EUR,12/31/19,2019,Euro Zone,EUR,0.89,27.91011235955056
Finland,2020,1A1A1,Coal,0,1,,,,,nan,eu_ets,24.76,EUR,12/31/20,2020,Euro Zone,EUR,0.815,30.38036809815951
Finland,2021,1A1A1,Coal,0,1,,,,,nan,eu_ets,53.54,EUR,12/31/21,2021,Euro Zone,EUR,0.882,60.702947845804985
Finland,2022,1A1A1,Coal,0,1,,,,,nan,eu_ets,80.82,EUR,12/31/22,2022,Euro Zone,EUR,0.936,86.34615384615384
France,2005,1A1A1,Coal,0,1,,,,,nan,eu_ets,21.56,EUR,12/31/05,2005,Euro Zone,EUR,0.847,25.454545454545453
France,2006,1A1A1,Coal,0,1,,,,,nan,eu_ets,18.01,EUR,12/31/06,2006,Euro Zone,EUR,0.759,23.728590250329383
France,2007,1A1A1,Coal,0,1,,,,,nan,eu_ets,0.72,EUR,12/31/07,2007,Euro Zone,EUR,0.68,1.0588235294117645
France,2008,1A1A1,Coal,0,1,,,,,nan,eu_ets,17.38,EUR,12/31/08,2008,Euro Zone,EUR,0.731,23.77564979480164
France,2009,1A1A1,Coal,0,1,,,,,nan,eu_ets,13.15,EUR,12/31/09,2009,Euro Zone,EUR,0.695,18.92086330935252
France,2010,1A1A1,Coal,0,1,,,,,nan,eu_ets,14.34,EUR,12/31/10,2010,Euro Zone,EUR,0.77,18.623376623376622
France,2011,1A1A1,Coal,0,1,,,,,nan,eu_ets,12.94,EUR,12/31/11,2011,Euro Zone,EUR,0.765,16.915032679738562
France,2012,1A1A1,Coal,0,1,,,,,nan,eu_ets,7.38,EUR,12/31/12,2012,Euro Zone,EUR,0.759,9.723320158102766
France,2013,1A1A1,Coal,0,1,,,,,nan,eu_ets,4.47,EUR,12/31/13,2013,Euro Zone,EUR,0.726,6.1570247933884295
France,2014,1A1A1,Coal,0,1,,,,,nan,eu_ets,5.95,EUR,12/31/14,2014,Euro Zone,EUR,0.822,7.238442822384429
France,2015,1A1A1,Coal,0,1,,,,,nan,eu_ets,7.68,EUR,12/31/15,2015,EURO ZONE,EUR,0.919,8.356909684439607
France,2016,1A1A1,Coal,0,1,,,,,nan,eu_ets,5.35,EUR,12/31/16,2016,EURO ZONE,EUR,0.949,5.637513171759747
France,2017,1A1A1,Coal,0,1,,,,,nan,eu_ets,5.83,EUR,12/31/17,2017,EURO ZONE,EUR,0.833,6.998799519807924
France,2018,1A1A1,Coal,0,1,,,,,nan,eu_ets,15.82,EUR,12/31/18,2018,EURO ZONE,EUR,0.872,18.142201834862387
France,2019,1A1A1,Coal,0,1,,,,,nan,eu_ets,24.84,EUR,12/31/19,2019,Euro Zone,EUR,0.89,27.91011235955056
France,2020,1A1A1,Coal,0,1,,,,,nan,eu_ets,24.76,EUR,12/31/20,2020,Euro Zone,EUR,0.815,30.38036809815951
France,2021,1A1A1,Coal,0,1,,,,,nan,eu_ets,53.54,EUR,12/31/21,2021,Euro Zone,EUR,0.882,60.702947845804985
France,2022,1A1A1,Coal,0,1,,,,,nan,eu_ets,80.82,EUR,12/31/22,2022,Euro Zone,EUR,0.936,86.34615384615384
Germany,2005,1A1A1,Coal,0,1,,,,,nan,eu_ets,21.56,EUR,12/31/05,2005,Euro Zone,EUR,0.847,25.454545454545453
Germany,2006,1A1A1,Coal,0,1,,,,,nan,eu_ets,18.01,EUR,12/31/06,2006,Euro Zone,EUR,0.759,23.728590250329383
Germany,2007,1A1A1,Coal,0,1,,,,,nan,eu_ets,0.72,EUR,12/31/07,2007,Euro Zone,EUR,0.68,1.0588235294117645
Germany,2008,1A1A1,Coal,0,1,,,,,nan,eu_ets,17.38,EUR,12/31/08,2008,Euro Zone,EUR,0.731,23.77564979480164
Germany,2009,1A1A1,Coal,0,1,,,,,nan,eu_ets,13.15,EUR,12/31/09,2009,Euro Zone,EUR,0.695,18.92086330935252
Germany,2010,1A1A1,Coal,0,1,,,,,nan,eu_ets,14.34,EUR,12/31/10,2010,Euro Zone,EUR,0.77,18.623376623376622
Germany,2011,1A1A1,Coal,0,1,,,,,nan,eu_ets,12.94,EUR,12/31/11,2011,Euro Zone,EUR,0.765,16.915032679738562
Germany,2012,1A1A1,Coal,0,1,,,,,nan,eu_ets,7.38,EUR,12/31/12,2012,Euro Zone,EUR,0.759,9.723320158102766
Germany,2013,1A1A1,Coal,0,1,,,,,nan,eu_ets,4.47,EUR,12/31/13,2013,Euro Zone,EUR,0.726,6.1570247933884295
Germany,2014,1A1A1,Coal,0,1,,,,,nan,eu_ets,5.95,EUR,12/31/14,2014,Euro Zone,EUR,0.822,7.238442822384429
Germany,2015,1A1A1,Coal,0,1,,,,,nan,eu_ets,7.68,EUR,12/31/15,2015,EURO ZONE,EUR,0.919,8.356909684439607
Germany,2016,1A1A1,Coal,0,1,,,,,nan,eu_ets,5.35,EUR,12/31/16,2016,EURO ZONE,EUR,0.949,5.637513171759747
Germany,2017,1A1A1,Coal,0,1,,,,,nan,eu_ets,5.83,EUR,12/31/17,2017,EURO ZONE,EUR,0.833,6.998799519807924
Germany,2018,1A1A1,Coal,0,1,,,,,nan,eu_ets,15.82,EUR,12/31/18,2018,EURO ZONE,EUR,0.872,18.142201834862387
Germany,2019,1A1A1,Coal,0,1,,,,,nan,eu_ets,24.84,EUR,12/31/19,2019,Euro Zone,EUR,0.89,27.91011235955056
Germany,2020,1A1A1,Coal,0,1,,,,,nan,eu_ets,24.76,EUR,12/31/20,2020,Euro Zone,EUR,0.815,30.38036809815951
Germany,2021,1A1A1,Coal,0,1,,,,,nan,eu_ets,53.54,EUR,12/31/21,2021,Euro Zone,EUR,0.882,60.702947845804985
Germany,2021,1A3B,Coal,0,1,,,,,nan,deu_ets,25.0,EUR,12/31/21,2021,Euro Zone,EUR,0.882,28.34467120181406
Germany,2022,1A1A1,Coal,0,1,,,,,nan,eu_ets,80.82,EUR,12/31/22,2022,Euro Zone,EUR,0.936,86.34615384615384
Greece,2005,1A1A1,Coal,0,1,,,,,nan,eu_ets,21.56,EUR,12/31/05,2005,Euro Zone,EUR,0.847,25.454545454545453
Greece,2006,1A1A1,Coal,0,1,,,,,nan,eu_ets,18.01,EUR,12/31/06,2006,Euro Zone,EUR,0.759,23.728590250329383
Greece,2007,1A1A1,Coal,0,1,,,,,nan,eu_ets,0.72,EUR,12/31/07,2007,Euro Zone,EUR,0.68,1.0588235294117645
Greece,2008,1A1A1,Coal,0,1,,,,,nan,eu_ets,17.38,EUR,12/31/08,2008,Euro Zone,EUR,0.731,23.77564979480164
Greece,2009,1A1A1,Coal,0,1,,,,,nan,eu_ets,13.15,EUR,12/31/09,2009,Euro Zone,EUR,0.695,18.92086330935252
Greece,2010,1A1A1,Coal,0,1,,,,,nan,eu_ets,14.34,EUR,12/31/10,2010,Euro Zone,EUR,0.77,18.623376623376622
Greece,2011,1A1A1,Coal,0,1,,,,,nan,eu_ets,12.94,EUR,12/31/11,2011,Euro Zone,EUR,0.765,16.915032679738562
Greece,2012,1A1A1,Coal,0,1,,,,,nan,eu_ets,7.38,EUR,12/31/12,2012,Euro Zone,EUR,0.759,9.723320158102766
Greece,2013,1A1A1,Coal,0,1,,,,,nan,eu_ets,4.47,EUR,12/31/13,2013,Euro Zone,EUR,0.726,6.1570247933884295
Greece,2014,1A1A1,Coal,0,1,,,,,nan,eu_ets,5.95,EUR,12/31/14,2014,Euro Zone,EUR,0.822,7.238442822384429
Greece,2015,1A1A1,Coal,0,1,,,,,nan,eu_ets,7.68,EUR,12/31/15,2015,EURO ZONE,EUR,0.919,8.356909684439607
Greece,2016,1A1A1,Coal,0,1,,,,,nan,eu_ets,5.35,EUR,12/31/16,2016,EURO ZONE,EUR,0.949,5.637513171759747
Greece,2017,1A1A1,Coal,0,1,,,,,nan,eu_ets,5.83,EUR,12/31/17,2017,EURO ZONE,EUR,0.833,6.998799519807924
Greece,2018,1A1A1,Coal,0,1,,,,,nan,eu_ets,15.82,EUR,12/31/18,2018,EURO ZONE,EUR,0.872,18.142201834862387
Greece,2019,1A1A1,Coal,0,1,,,,,nan,eu_ets,24.84,EUR,12/31/19,2019,Euro Zone,EUR,0.89,27.91011235955056
Greece,2020,1A1A1,Coal,0,1,,,,,nan,eu_ets,24.76,EUR,12/31/20,2020,Euro Zone,EUR,0.815,30.38036809815951
Greece,2021,1A1A1,Coal,0,1,,,,,nan,eu_ets,53.54,EUR,12/31/21,2021,Euro Zone,EUR,0.882,60.702947845804985
Greece,2022,1A1A1,Coal,0,1,,,,,nan,eu_ets,80.82,EUR,12/31/22,2022,Euro Zone,EUR,0.936,86.34615384615384
Hungary,2005,1A1A1,Coal,0,1,,,,,nan,eu_ets,21.56,EUR,12/31/05,2005,Euro Zone,EUR,0.847,25.454545454545453
Hungary,2006,1A1A1,Coal,0,1,,,,,nan,eu_ets,18.01,EUR,12/31/06,2006,Euro Zone,EUR,0.759,23.728590250329383
Hungary,2007,1A1A1,Coal,0,1,,,,,nan,eu_ets,0.72,EUR,12/31/07,2007,Euro Zone,EUR,0.68,1.0588235294117645
Hungary,2008,1A1A1,Coal,0,1,,,,,nan,eu_ets,17.38,EUR,12/31/08,2008,Euro Zone,EUR,0.731,23.77564979480164
Hungary,2009,1A1A1,Coal,0,1,,,,,nan,eu_ets,13.15,EUR,12/31/09,2009,Euro Zone,EUR,0.695,18.92086330935252
Hungary,2010,1A1A1,Coal,0,1,,,,,nan,eu_ets,14.34,EUR,12/31/10,2010,Euro Zone,EUR,0.77,18.623376623376622
Hungary,2011,1A1A1,Coal,0,1,,,,,nan,eu_ets,12.94,EUR,12/31/11,2011,Euro Zone,EUR,0.765,16.915032679738562
Hungary,2012,1A1A1,Coal,0,1,,,,,nan,eu_ets,7.38,EUR,12/31/12,2012,Euro Zone,EUR,0.759,9.723320158102766
Hungary,2013,1A1A1,Coal,0,1,,,,,nan,eu_ets,4.47,EUR,12/31/13,2013,Euro Zone,EUR,0.726,6.1570247933884295
Hungary,2014,1A1A1,Coal,0,1,,,,,nan,eu_ets,5.95,EUR,12/31/14,2014,Euro Zone,EUR,0.822,7.238442822384429
Hungary,2015,1A1A1,Coal,0,1,,,,,nan,eu_ets,7.68,EUR,12/31/15,2015,EURO ZONE,EUR,0.919,8.356909684439607
Hungary,2016,1A1A1,Coal,0,1,,,,,nan,eu_ets,5.35,EUR,12/31/16,2016,EURO ZONE,EUR,0.949,5.637513171759747
Hungary,2017,1A1A1,Coal,0,1,,,,,nan,eu_ets,5.83,EUR,12/31/17,2017,EURO ZONE,EUR,0.833,6.998799519807924
Hungary,2018,1A1A1,Coal,0,1,,,,,nan,eu_ets,15.82,EUR,12/31/18,2018,EURO ZONE,EUR,0.872,18.142201834862387
Hungary,2019,1A1A1,Coal,0,1,,,,,nan,eu_ets,24.84,EUR,12/31/19,2019,Euro Zone,EUR,0.89,27.91011235955056
Hungary,2020,1A1A1,Coal,0,1,,,,,nan,eu_ets,24.76,EUR,12/31/20,2020,Euro Zone,EUR,0.815,30.38036809815951
Hungary,2021,1A1A1,Coal,0,1,,,,,nan,eu_ets,53.54,EUR,12/31/21,2021,Euro Zone,EUR,0.882,60.702947845804985
Hungary,2022,1A1A1,Coal,0,1,,,,,nan,eu_ets,80.82,EUR,12/31/22,2022,Euro Zone,EUR,0.936,86.34615384615384
Iceland,2009,1A1A1,Coal,0,1,,,,,nan,eu_ets,13.15,EUR,12/31/09,2009,Euro Zone,EUR,0.695,18.92086330935252
Iceland,2010,1A1A1,Coal,0,1,,,,,nan,eu_ets,14.34,EUR,12/31/10,2010,Euro Zone,EUR,0.77,18.623376623376622
Iceland,2011,1A1A1,Coal,0,1,,,,,nan,eu_ets,12.94,EUR,12/31/11,2011,Euro Zone,EUR,0.765,16.915032679738562
Iceland,2012,1A1A1,Coal,0,1,,,,,nan,eu_ets,7.38,EUR,12/31/12,2012,Euro Zone,EUR,0.759,9.723320158102766
Iceland,2013,1A1A1,Coal,0,1,,,,,nan,eu_ets,4.47,EUR,12/31/13,2013,Euro Zone,EUR,0.726,6.1570247933884295
Iceland,2014,1A1A1,Coal,0,1,,,,,nan,eu_ets,5.95,EUR,12/31/14,2014,Euro Zone,EUR,0.822,7.238442822384429
Iceland,2015,1A1A1,Coal,0,1,,,,,nan,eu_ets,7.68,EUR,12/31/15,2015,EURO ZONE,EUR,0.919,8.356909684439607
Iceland,2016,1A1A1,Coal,0,1,,,,,nan,eu_ets,5.35,EUR,12/31/16,2016,EURO ZONE,EUR,0.949,5.637513171759747
Iceland,2017,1A1A1,Coal,0,1,,,,,nan,eu_ets,5.83,EUR,12/31/17,2017,EURO ZONE,EUR,0.833,6.998799519807924
Iceland,2018,1A1A1,Coal,0,1,,,,,nan,eu_ets,15.82,EUR,12/31/18,2018,EURO ZONE,EUR,0.872,18.142201834862387
Iceland,2019,1A1A1,Coal,0,1,,,,,nan,eu_ets,24.84,EUR,12/31/19,2019,Euro Zone,EUR,0.89,27.91011235955056
Iceland,2020,1A1A1,Coal,0,1,,,,,nan,eu_ets,24.76,EUR,12/31/20,2020,Euro Zone,EUR,0.815,30.38036809815951
Iceland,2021,1A1A1,Coal,0,1,,,,,nan,eu_ets,53.54,EUR,12/31/21,2021,Euro Zone,EUR,0.882,60.702947845804985
Iceland,2022,1A1A1,Coal,0,1,,,,,nan,eu_ets,80.82,EUR,12/31/22,2022,Euro Zone,EUR,0.936,86.34615384615384
Ireland,2005,1A1A1,Coal,0,1,,,,,nan,eu_ets,21.56,EUR,12/31/05,2005,Euro Zone,EUR,0.847,25.454545454545453
Ireland,2006,1A1A1,Coal,0,1,,,,,nan,eu_ets,18.01,EUR,12/31/06,2006,Euro Zone,EUR,0.759,23.728590250329383
Ireland,2007,1A1A1,Coal,0,1,,,,,nan,eu_ets,0.72,EUR,12/31/07,2007,Euro Zone,EUR,0.68,1.0588235294117645
Ireland,2008,1A1A1,Coal,0,1,,,,,nan,eu_ets,17.38,EUR,12/31/08,2008,Euro Zone,EUR,0.731,23.77564979480164
Ireland,2009,1A1A1,Coal,0,1,,,,,nan,eu_ets,13.15,EUR,12/31/09,2009,Euro Zone,EUR,0.695,18.92086330935252
Ireland,2010,1A1A1,Coal,0,1,,,,,nan,eu_ets,14.34,EUR,12/31/10,2010,Euro Zone,EUR,0.77,18.623376623376622
Ireland,2011,1A1A1,Coal,0,1,,,,,nan,eu_ets,12.94,EUR,12/31/11,2011,Euro Zone,EUR,0.765,16.915032679738562
Ireland,2012,1A1A1,Coal,0,1,,,,,nan,eu_ets,7.38,EUR,12/31/12,2012,Euro Zone,EUR,0.759,9.723320158102766
Ireland,2013,1A1A1,Coal,0,1,,,,,nan,eu_ets,4.47,EUR,12/31/13,2013,Euro Zone,EUR,0.726,6.1570247933884295
Ireland,2014,1A1A1,Coal,0,1,,,,,nan,eu_ets,5.95,EUR,12/31/14,2014,Euro Zone,EUR,0.822,7.238442822384429
Ireland,2015,1A1A1,Coal,0,1,,,,,nan,eu_ets,7.68,EUR,12/31/15,2015,EURO ZONE,EUR,0.919,8.356909684439607
Ireland,2016,1A1A1,Coal,0,1,,,,,nan,eu_ets,5.35,EUR,12/31/16,2016,EURO ZONE,EUR,0.949,5.637513171759747
Ireland,2017,1A1A1,Coal,0,1,,,,,nan,eu_ets,5.83,EUR,12/31/17,2017,EURO ZONE,EUR,0.833,6.998799519807924
Ireland,2018,1A1A1,Coal,0,1,,,,,nan,eu_ets,15.82,EUR,12/31/18,2018,EURO ZONE,EUR,0.872,18.142201834862387
Ireland,2019,1A1A1,Coal,0,1,,,,,nan,eu_ets,24.84,EUR,12/31/19,2019,Euro Zone,EUR,0.89,27.91011235955056
Ireland,2020,1A1A1,Coal,0,1,,,,,nan,eu_ets,24.76,EUR,12/31/20,2020,Euro Zone,EUR,0.815,30.38036809815951
Ireland,2021,1A1A1,Coal,0,1,,,,,nan,eu_ets,53.54,EUR,12/31/21,2021,Euro Zone,EUR,0.882,60.702947845804985
Ireland,2022,1A1A1,Coal,0,1,,,,,nan,eu_ets,80.82,EUR,12/31/22,2022,Euro Zone,EUR,0.936,86.34615384615384
Italy,2005,1A1A1,Coal,0,1,,,,,nan,eu_ets,21.56,EUR,12/31/05,2005,Euro Zone,EUR,0.847,25.454545454545453
Italy,2006,1A1A1,Coal,0,1,,,,,nan,eu_ets,18.01,EUR,12/31/06,2006,Euro Zone,EUR,0.759,23.728590250329383
Italy,2007,1A1A1,Coal,0,1,,,,,nan,eu_ets,0.72,EUR,12/31/07,2007,Euro Zone,EUR,0.68,1.0588235294117645
Italy,2008,1A1A1,Coal,0,1,,,,,nan,eu_ets,17.38,EUR,12/31/08,2008,Euro Zone,EUR,0.731,23.77564979480164
Italy,2009,1A1A1,Coal,0,1,,,,,nan,eu_ets,13.15,EUR,12/31/09,2009,Euro Zone,EUR,0.695,18.92086330935252
Italy,2010,1A1A1,Coal,0,1,,,,,nan,eu_ets,14.34,EUR,12/31/10,2010,Euro Zone,EUR,0.77,18.623376623376622
Italy,2011,1A1A1,Coal,0,1,,,,,nan,eu_ets,12.94,EUR,12/31/11,2011,Euro Zone,EUR,0.765,16.915032679738562
Italy,2012,1A1A1,Coal,0,1,,,,,nan,eu_ets,7.38,EUR,12/31/12,2012,Euro Zone,EUR,0.759,9.723320158102766
Italy,2013,1A1A1,Coal,0,1,,,,,nan,eu_ets,4.47,EUR,12/31/13,2013,Euro Zone,EUR,0.726,6.1570247933884295
Italy,2014,1A1A1,Coal,0,1,,,,,nan,eu_ets,5.95,EUR,12/31/14,2014,Euro Zone,EUR,0.822,7.238442822384429
Italy,2015,1A1A1,Coal,0,1,,,,,nan,eu_ets,7.68,EUR,12/31/15,2015,EURO ZONE,EUR,0.919,8.356909684439607
Italy,2016,1A1A1,Coal,0,1,,,,,nan,eu_ets,5.35,EUR,12/31/16,2016,EURO ZONE,EUR,0.949,5.637513171759747
Italy,2017,1A1A1,Coal,0,1,,,,,nan,eu_ets,5.83,EUR,12/31/17,2017,EURO ZONE,EUR,0.833,6.998799519807924
Italy,2018,1A1A1,Coal,0,1,,,,,nan,eu_ets,15.82,EUR,12/31/18,2018,EURO ZONE,EUR,0.872,18.142201834862387
Italy,2019,1A1A1,Coal,0,1,,,,,nan,eu_ets,24.84,EUR,12/31/19,2019,Euro Zone,EUR,0.89,27.91011235955056
Italy,2020,1A1A1,Coal,0,1,,,,,nan,eu_ets,24.76,EUR,12/31/20,2020,Euro Zone,EUR,0.815,30.38036809815951
Italy,2021,1A1A1,Coal,0,1,,,,,nan,eu_ets,53.54,EUR,12/31/21,2021,Euro Zone,EUR,0.882,60.702947845804985
Italy,2022,1A1A1,Coal,0,1,,,,,nan,eu_ets,80.82,EUR,12/31/22,2022,Euro Zone,EUR,0.936,86.34615384615384
Kazakhstan,2013,1A1A1,Coal,0,1,,,,,nan,kaz_ets,0.0,KZT,12/31/13,2013,Kazakhstan,KZT,153.6,0.0
Kazakhstan,2014,1A1A1,Coal,0,1,,,,,nan,kaz_ets,143.0,KZT,12/31/14,2014,Kazakhstan,KZT,182.4,0.7839912280701754
Kazakhstan,2015,1A1A1,Coal,0,1,,,,,nan,kaz_ets,380.0,KZT,12/31/15,2015,KAZAKHSTAN,KZT,339.5,1.1192930780559647
Kazakhstan,2019,1A1A1,Coal,0,1,,,,,nan,kaz_ets,431.0,KZT,12/31/19,2019,Kazakhstan,KZT,381.18,1.130699407104255
Kazakhstan,2020,1A1A1,Coal,0,1,,,,,nan,kaz_ets,456.0,KZT,12/31/20,2020,Kazakhstan,KZT,421.27,1.0824411897357988
"Korea, Rep.",2015,1A1A1,Coal,0,1,,,,,nan,kor_ets,10506.12,KRW,12/31/15,2015,KOREA,KRW,1175.9,8.934535249596054
"Korea, Rep.",2016,1A1A1,Coal,0,1,,,,,nan,kor_ets,17216.87,KRW,12/31/16,2016,KOREA,KRW,1203.21,14.309114784617813
"Korea, Rep.",2017,1A1A1,Coal,0,1,,,,,nan,kor_ets,21416.26,KRW,12/31/17,2017,KOREA,KRW,1065.9301,20.09161763984336
"Korea, Rep.",2018,1A1A1,Coal,0,1,,,,,nan,kor_ets,22727.05,KRW,12/31/18,2018,KOREA,KRW,1114.49,20.392331918635428
"Korea, Rep.",2019,1A1A1,Coal,0,1,,,,,nan,kor_ets,29821.54,KRW,12/31/19,2019,Korea,KRW,1153.7,25.848608823784346
"Korea, Rep.",2020,1A1A1,Coal,0,1,,,,,nan,kor_ets,30163.91,KRW,12/31/20,2020,Korea,KRW,1087.66,27.732848500450505
"Korea, Rep.",2021,1A1A1,Coal,0,1,,,,,nan,kor_ets,23003.83,KRW,12/31/21,2021,Korea,KRW,1188.92,19.348509571712142
Latvia,2005,1A1A1,Coal,1,1,lva_tax,,0.0,,nan,eu_ets,21.56,EUR,12/31/05,2005,Euro Zone,EUR,0.847,25.454545454545453
Latvia,2006,1A1A1,Coal,1,1,lva_tax,0.14,0.0,0.14,EUR,eu_ets,18.01,EUR,12/31/06,2006,Euro Zone,EUR,0.759,23.728590250329383
Latvia,2007,1A1A1,Coal,1,1,lva_tax,0.14,0.0,0.14,EUR,eu_ets,0.72,EUR,12/31/07,2007,Euro Zone,EUR,0.68,1.0588235294117645
Latvia,2008,1A1A1,Coal,1,1,lva_tax,0.28,0.0,0.28,EUR,eu_ets,17.38,EUR,12/31/08,2008,Euro Zone,EUR,0.731,23.77564979480164
Latvia,2009,1A1A1,Coal,1,1,lva_tax,0.42,0.0,0.42,EUR,eu_ets,13.15,EUR,12/31/09,2009,Euro Zone,EUR,0.695,18.92086330935252
Latvia,2010,1A1A1,Coal,1,1,lva_tax,0.64,0.0,0.64,EUR,eu_ets,14.34,EUR,12/31/10,2010,Euro Zone,EUR,0.77,18.623376623376622
Latvia,2011,1A1A1,Coal,1,1,lva_tax,1.1,0.0,1.1,EUR,eu_ets,12.94,EUR,12/31/11,2011,Euro Zone,EUR,0.765,16.915032679738562
Latvia,2012,1A1A1,Coal,1,1,lva_tax,1.89,0.0,1.89,EUR,eu_ets,7.38,EUR,12/31/12,2012,Euro Zone,EUR,0.759,9.723320158102766
Latvia,2013,1A1A1,Coal,1,1,lva_tax,2.85,0.0,2.85,EUR,eu_ets,4.47,EUR,12/31/13,2013,Euro Zone,EUR,0.726,6.1570247933884295
Latvia,2014,1A1A1,Coal,1,1,lva_tax,2.85,0.0,2.85,EUR,eu_ets,5.95,EUR,12/31/14,2014,Euro Zone,EUR,0.822,7.238442822384429
Latvia,2015,1A1A1,Coal,1,1,lva_tax,2.85,0.0,2.85,EUR,eu_ets,7.68,EUR,12/31/15,2015,EURO ZONE,EUR,0.919,8.356909684439607
Latvia,2016,1A1A1,Coal,1,1,lva_tax,3.5,0.0,3.5,EUR,eu_ets,5.35,EUR,12/31/16,2016,EURO ZONE,EUR,0.949,5.637513171759747
Latvia,2017,1A1A1,Coal,1,1,lva_tax,4.5,0.0,4.5,EUR,eu_ets,5.83,EUR,12/31/17,2017,EURO ZONE,EUR,0.833,6.998799519807924
Latvia,2018,1A1A1,Coal,1,1,lva_tax,4.5,0.0,4.5,EUR,eu_ets,15.82,EUR,12/31/18,2018,EURO ZONE,EUR,0.872,18.142201834862387
Latvia,2019,1A1A1,Coal,1,1,lva_tax,4.5,0.0,4.5,EUR,eu_ets,24.84,EUR,12/31/19,2019,Euro Zone,EUR,0.89,27.91011235955056
Latvia,2020,1A1A1,Coal,1,1,lva_tax,9.0,0.0,9.0,EUR,eu_ets,24.76,EUR,12/31/20,2020,Euro Zone,EUR,0.815,30.38036809815951
Latvia,2021,1A1A1,Coal,1,1,lva_tax,12.0,0.0,12.0,EUR,eu_ets,53.54,EUR,12/31/21,2021,Euro Zone,EUR,0.882,60.702947845804985
Latvia,2022,1A1A1,Coal,0,1,,,,,nan,eu_ets,80.82,EUR,12/31/22,2022,Euro Zone,EUR,0.936,86.34615384615384
Liechtenstein,2009,1A1A1,Coal,0,1,,,,,nan,eu_ets,13.15,EUR,12/31/09,2009,Euro Zone,EUR,0.695,18.92086330935252
Liechtenstein,2010,1A1A1,Coal,0,1,,,,,nan,eu_ets,14.34,EUR,12/31/10,2010,Euro Zone,EUR,0.77,18.623376623376622
Liechtenstein,2011,1A1A1,Coal,0,1,,,,,nan,eu_ets,12.94,EUR,12/31/11,2011,Euro Zone,EUR,0.765,16.915032679738562
Liechtenstein,2012,1A1A1,Coal,0,1,,,,,nan,eu_ets,7.38,EUR,12/31/12,2012,Euro Zone,EUR,0.759,9.723320158102766
Liechtenstein,2013,1A1A1,Coal,0,1,,,,,nan,eu_ets,4.47,EUR,12/31/13,2013,Euro Zone,EUR,0.726,6.1570247933884295
Liechtenstein,2014,1A1A1,Coal,0,1,,,,,nan,eu_ets,5.95,EUR,12/31/14,2014,Euro Zone,EUR,0.822,7.238442822384429
Liechtenstein,2015,1A1A1,Coal,0,1,,,,,nan,eu_ets,7.68,EUR,12/31/15,2015,EURO ZONE,EUR,0.919,8.356909684439607
Liechtenstein,2016,1A1A1,Coal,0,1,,,,,nan,eu_ets,5.35,EUR,12/31/16,2016,EURO ZONE,EUR,0.949,5.637513171759747
Liechtenstein,2017,1A1A1,Coal,0,1,,,,,nan,eu_ets,5.83,EUR,12/31/17,2017,EURO ZONE,EUR,0.833,6.998799519807924
Liechtenstein,2018,1A1A1,Coal,0,1,,,,,nan,eu_ets,15.82,EUR,12/31/18,2018,EURO ZONE,EUR,0.872,18.142201834862387
Liechtenstein,2019,1A1A1,Coal,0,1,,,,,nan,eu_ets,24.84,EUR,12/31/19,2019,Euro Zone,EUR,0.89,27.91011235955056
Liechtenstein,2020,1A1A1,Coal,0,1,,,,,nan,eu_ets,24.76,EUR,12/31/20,2020,Euro Zone,EUR,0.815,30.38036809815951
Liechtenstein,2021,1A1A1,Coal,0,1,,,,,nan,eu_ets,53.54,EUR,12/31/21,2021,Euro Zone,EUR,0.882,60.702947845804985
Liechtenstein,2022,1A1A1,Coal,0,1,,,,,nan,eu_ets,80.82,EUR,12/31/22,2022,Euro Zone,EUR,0.936,86.34615384615384
Lithuania,2005,1A1A1,Coal,0,1,,,,,nan,eu_ets,21.56,EUR,12/31/05,2005,Euro Zone,EUR,0.847,25.454545454545453
Lithuania,2006,1A1A1,Coal,0,1,,,,,nan,eu_ets,18.01,EUR,12/31/06,2006,Euro Zone,EUR,0.759,23.728590250329383
Lithuania,2007,1A1A1,Coal,0,1,,,,,nan,eu_ets,0.72,EUR,12/31/07,2007,Euro Zone,EUR,0.68,1.0588235294117645
Lithuania,2008,1A1A1,Coal,0,1,,,,,nan,eu_ets,17.38,EUR,12/31/08,2008,Euro Zone,EUR,0.731,23.77564979480164
Lithuania,2009,1A1A1,Coal,0,1,,,,,nan,eu_ets,13.15,EUR,12/31/09,2009,Euro Zone,EUR,0.695,18.92086330935252
Lithuania,2010,1A1A1,Coal,0,1,,,,,nan,eu_ets,14.34,EUR,12/31/10,2010,Euro Zone,EUR,0.77,18.623376623376622
Lithuania,2011,1A1A1,Coal,0,1,,,,,nan,eu_ets,12.94,EUR,12/31/11,2011,Euro Zone,EUR,0.765,16.915032679738562
Lithuania,2012,1A1A1,Coal,0,1,,,,,nan,eu_ets,7.38,EUR,12/31/12,2012,Euro Zone,EUR,0.759,9.723320158102766
Lithuania,2013,1A1A1,Coal,0,1,,,,,nan,eu_ets,4.47,EUR,12/31/13,2013,Euro Zone,EUR,0.726,6.1570247933884295
Lithuania,2014,1A1A1,Coal,0,1,,,,,nan,eu_ets,5.95,EUR,12/31/14,2014,Euro Zone,EUR,0.822,7.238442822384429
Lithuania,2015,1A1A1,Coal,0,1,,,,,nan,eu_ets,7.68,EUR,12/31/15,2015,EURO ZONE,EUR,0.919,8.356909684439607
Lithuania,2016,1A1A1,Coal,0,1,,,,,nan,eu_ets,5.35,EUR,12/31/16,2016,EURO ZONE,EUR,0.949,5.637513171759747
Lithuania,2017,1A1A1,Coal,0,1,,,,,nan,eu_ets,5.83,EUR,12/31/17,2017,EURO ZONE,EUR,0.833,6.998799519807924
Lithuania,2018,1A1A1,Coal,0,1,,,,,nan,eu_ets,15.82,EUR,12/31/18,2018,EURO ZONE,EUR,0.872,18.142201834862387
Lithuania,2019,1A1A1,Coal,0,1,,,,,nan,eu_ets,24.84,EUR,12/31/19,2019,Euro Zone,EUR,0.89,27.91011235955056
Lithuania,2020,1A1A1,Coal,0,1,,,,,nan,eu_ets,24.76,EUR,12/31/20,2020,Euro Zone,EUR,0.815,30.38036809815951
Lithuania,2021,1A1A1,Coal,0,1,,,,,nan,eu_ets,53.54,EUR,12/31/21,2021,Euro Zone,EUR,0.882,60.702947845804985
Lithuania,2022,1A1A1,Coal,0,1,,,,,nan,eu_ets,80.82,EUR,12/31/22,2022,Euro Zone,EUR,0.936,86.34615384615384
Luxembourg,2005,1A1A1,Coal,0,1,,,,,nan,eu_ets,21.56,EUR,12/31/05,2005,Euro Zone,EUR,0.847,25.454545454545453
Luxembourg,2006,1A1A1,Coal,0,1,,,,,nan,eu_ets,18.01,EUR,12/31/06,2006,Euro Zone,EUR,0.759,23.728590250329383
Luxembourg,2007,1A1A1,Coal,0,1,,,,,nan,eu_ets,0.72,EUR,12/31/07,2007,Euro Zone,EUR,0.68,1.0588235294117645
Luxembourg,2008,1A1A1,Coal,0,1,,,,,nan,eu_ets,17.38,EUR,12/31/08,2008,Euro Zone,EUR,0.731,23.77564979480164
Luxembourg,2009,1A1A1,Coal,0,1,,,,,nan,eu_ets,13.15,EUR,12/31/09,2009,Euro Zone,EUR,0.695,18.92086330935252
Luxembourg,2010,1A1A1,Coal,0,1,,,,,nan,eu_ets,14.34,EUR,12/31/10,2010,Euro Zone,EUR,0.77,18.623376623376622
Luxembourg,2011,1A1A1,Coal,0,1,,,,,nan,eu_ets,12.94,EUR,12/31/11,2011,Euro Zone,EUR,0.765,16.915032679738562
Luxembourg,2012,1A1A1,Coal,0,1,,,,,nan,eu_ets,7.38,EUR,12/31/12,2012,Euro Zone,EUR,0.759,9.723320158102766
Luxembourg,2013,1A1A1,Coal,0,1,,,,,nan,eu_ets,4.47,EUR,12/31/13,2013,Euro Zone,EUR,0.726,6.1570247933884295
Luxembourg,2014,1A1A1,Coal,0,1,,,,,nan,eu_ets,5.95,EUR,12/31/14,2014,Euro Zone,EUR,0.822,7.238442822384429
Luxembourg,2015,1A1A1,Coal,0,1,,,,,nan,eu_ets,7.68,EUR,12/31/15,2015,EURO ZONE,EUR,0.919,8.356909684439607
Luxembourg,2016,1A1A1,Coal,0,1,,,,,nan,eu_ets,5.35,EUR,12/31/16,2016,EURO ZONE,EUR,0.949,5.637513171759747
Luxembourg,2017,1A1A1,Coal,0,1,,,,,nan,eu_ets,5.83,EUR,12/31/17,2017,EURO ZONE,EUR,0.833,6.998799519807924
Luxembourg,2018,1A1A1,Coal,0,1,,,,,nan,eu_ets,15.82,EUR,12/31/18,2018,EURO ZONE,EUR,0.872,18.142201834862387
Luxembourg,2019,1A1A1,Coal,0,1,,,,,nan,eu_ets,24.84,EUR,12/31/19,2019,Euro Zone,EUR,0.89,27.91011235955056
Luxembourg,2020,1A1A1,Coal,0,1,,,,,nan,eu_ets,24.76,EUR,12/31/20,2020,Euro Zone,EUR,0.815,30.38036809815951
Luxembourg,2021,1A1A1,Coal,0,1,,,,,nan,eu_ets,53.54,EUR,12/31/21,2021,Euro Zone,EUR,0.882,60.702947845804985
Luxembourg,2022,1A1A1,Coal,0,1,,,,,nan,eu_ets,80.82,EUR,12/31/22,2022,Euro Zone,EUR,0.936,86.34615384615384
Malta,2005,1A1A1,Coal,0,1,,,,,nan,eu_ets,21.56,EUR,12/31/05,2005,Euro Zone,EUR,0.847,25.454545454545453
Malta,2006,1A1A1,Coal,0,1,,,,,nan,eu_ets,18.01,EUR,12/31/06,2006,Euro Zone,EUR,0.759,23.728590250329383
Malta,2007,1A1A1,Coal,0,1,,,,,nan,eu_ets,0.72,EUR,12/31/07,2007,Euro Zone,EUR,0.68,1.0588235294117645
Malta,2008,1A1A1,Coal,0,1,,,,,nan,eu_ets,17.38,EUR,12/31/08,2008,Euro Zone,EUR,0.731,23.77564979480164
Malta,2009,1A1A1,Coal,0,1,,,,,nan,eu_ets,13.15,EUR,12/31/09,2009,Euro Zone,EUR,0.695,18.92086330935252
Malta,2010,1A1A1,Coal,0,1,,,,,nan,eu_ets,14.34,EUR,12/31/10,2010,Euro Zone,EUR,0.77,18.623376623376622
Malta,2011,1A1A1,Coal,0,1,,,,,nan,eu_ets,12.94,EUR,12/31/11,2011,Euro Zone,EUR,0.765,16.915032679738562
Malta,2012,1A1A1,Coal,0,1,,,,,nan,eu_ets,7.38,EUR,12/31/12,2012,Euro Zone,EUR,0.759,9.723320158102766
Malta,2013,1A1A1,Coal,0,1,,,,,nan,eu_ets,4.47,EUR,12/31/13,2013,Euro Zone,EUR,0.726,6.1570247933884295
Malta,2014,1A1A1,Coal,0,1,,,,,nan,eu_ets,5.95,EUR,12/31/14,2014,Euro Zone,EUR,0.822,7.238442822384429
Malta,2015,1A1A1,Coal,0,1,,,,,nan,eu_ets,7.68,EUR,12/31/15,2015,EURO ZONE,EUR,0.919,8.356909684439607
Malta,2016,1A1A1,Coal,0,1,,,,,nan,eu_ets,5.35,EUR,12/31/16,2016,EURO ZONE,EUR,0.949,5.637513171759747
Malta,2017,1A1A1,Coal,0,1,,,,,nan,eu_ets,5.83,EUR,12/31/17,2017,EURO ZONE,EUR,0.833,6.998799519807924
Malta,2018,1A1A1,Coal,0,1,,,,,nan,eu_ets,15.82,EUR,12/31/18,2018,EURO ZONE,EUR,0.872,18.142201834862387
Malta,2019,1A1A1,Coal,0,1,,,,,nan,eu_ets,24.84,EUR,12/31/19,2019,Euro Zone,EUR,0.89,27.91011235955056
Malta,2020,1A1A1,Coal,0,1,,,,,nan,eu_ets,24.76,EUR,12/31/20,2020,Euro Zone,EUR,0.815,30.38036809815951
Malta,2021,1A1A1,Coal,0,1,,,,,nan,eu_ets,53.54,EUR,12/31/21,2021,Euro Zone,EUR,0.882,60.702947845804985
Malta,2022,1A1A1,Coal,0,1,,,,,nan,eu_ets,80.82,EUR,12/31/22,2022,Euro Zone,EUR,0.936,86.34615384615384
Netherlands,2005,1A1A1,Coal,0,1,,,,,nan,eu_ets,21.56,EUR,12/31/05,2005,Euro Zone,EUR,0.847,25.454545454545453
Netherlands,2006,1A1A1,Coal,0,1,,,,,nan,eu_ets,18.01,EUR,12/31/06,2006,Euro Zone,EUR,0.759,23.728590250329383
Netherlands,2007,1A1A1,Coal,0,1,,,,,nan,eu_ets,0.72,EUR,12/31/07,2007,Euro Zone,EUR,0.68,1.0588235294117645
Netherlands,2008,1A1A1,Coal,0,1,,,,,nan,eu_ets,17.38,EUR,12/31/08,2008,Euro Zone,EUR,0.731,23.77564979480164
Netherlands,2009,1A1A1,Coal,0,1,,,,,nan,eu_ets,13.15,EUR,12/31/09,2009,Euro Zone,EUR,0.695,18.92086330935252
Netherlands,2010,1A1A1,Coal,0,1,,,,,nan,eu_ets,14.34,EUR,12/31/10,2010,Euro Zone,EUR,0.77,18.623376623376622
Netherlands,2011,1A1A1,Coal,0,1,,,,,nan,eu_ets,12.94,EUR,12/31/11,2011,Euro Zone,EUR,0.765,16.915032679738562
Netherlands,2012,1A1A1,Coal,0,1,,,,,nan,eu_ets,7.38,EUR,12/31/12,2012,Euro Zone,EUR,0.759,9.723320158102766
Netherlands,2013,1A1A1,Coal,0,1,,,,,nan,eu_ets,4.47,EUR,12/31/13,2013,Euro Zone,EUR,0.726,6.1570247933884295
Netherlands,2014,1A1A1,Coal,0,1,,,,,nan,eu_ets,5.95,EUR,12/31/14,2014,Euro Zone,EUR,0.822,7.238442822384429
Netherlands,2015,1A1A1,Coal,0,1,,,,,nan,eu_ets,7.68,EUR,12/31/15,2015,EURO ZONE,EUR,0.919,8.356909684439607
Netherlands,2016,1A1A1,Coal,0,1,,,,,nan,eu_ets,5.35,EUR,12/31/16,2016,EURO ZONE,EUR,0.949,5.637513171759747
Netherlands,2017,1A1A1,Coal,0,1,,,,,nan,eu_ets,5.83,EUR,12/31/17,2017,EURO ZONE,EUR,0.833,6.998799519807924
Netherlands,2018,1A1A1,Coal,0,1,,,,,nan,eu_ets,15.82,EUR,12/31/18,2018,EURO ZONE,EUR,0.872,18.142201834862387
Netherlands,2019,1A1A1,Coal,0,1,,,,,nan,eu_ets,24.84,EUR,12/31/19,2019,Euro Zone,EUR,0.89,27.91011235955056
Netherlands,2020,1A1A1,Coal,0,1,,,,,nan,eu_ets,24.76,EUR,12/31/20,2020,Euro Zone,EUR,0.815,30.38036809815951
Netherlands,2021,1A1A1,Coal,0,1,,,,,nan,eu_ets,53.54,EUR,12/31/21,2021,Euro Zone,EUR,0.882,60.702947845804985
Netherlands,2022,1A1A1,Coal,0,1,,,,,nan,eu_ets,80.82,EUR,12/31/22,2022,Euro Zone,EUR,0.936,86.34615384615384
New Zealand,2009,3B1A,,0,1,,,,,nan,nzl_ets,20.0,NZD,12/31/09,2009,New Zealand,NZD,1.374,14.556040756914118
New Zealand,2010,1A1A1,Coal,0,1,,,,,nan,nzl_ets,19.61,NZD,12/31/10,2010,New Zealand,NZD,1.34,14.634328358208954
New Zealand,2011,1A1A1,Coal,0,1,,,,,nan,nzl_ets,16.93,NZD,12/31/11,2011,New Zealand,NZD,1.291,13.113865220759102
New Zealand,2012,1A1A1,Coal,0,1,,,,,nan,nzl_ets,5.48,NZD,12/31/12,2012,New Zealand,NZD,1.216,4.506578947368421
New Zealand,2013,1A1A1,Coal,0,1,,,,,nan,nzl_ets,2.75,NZD,12/31/13,2013,New Zealand,NZD,1.216,2.2615131578947367
New Zealand,2014,1A1A1,Coal,0,1,,,,,nan,nzl_ets,3.98,NZD,12/31/14,2014,New Zealand,NZD,1.275,3.1215686274509804
New Zealand,2015,1A1A1,Coal,0,1,,,,,nan,nzl_ets,6.75,NZD,12/31/15,2015,NEW ZEALAND,NZD,1.461,4.620123203285421
New Zealand,2016,1A1A1,Coal,0,1,,,,,nan,nzl_ets,15.4,NZD,12/31/16,2016,NEW ZEALAND,NZD,1.437,10.716771050800277
New Zealand,2017,1A1A1,Coal,0,1,,,,,nan,nzl_ets,17.94,NZD,12/31/17,2017,NEW ZEALAND,NZD,1.405,12.768683274021353
New Zealand,2018,1A1A1,Coal,0,1,,,,,nan,nzl_ets,22.71,NZD,12/31/18,2018,NEW ZEALAND,NZD,1.49,15.241610738255034
New Zealand,2019,1A1A1,Coal,0,1,,,,,nan,nzl_ets,24.82,NZD,12/31/19,2019,New Zealand,NZD,1.65,15.042424242424243
New Zealand,2020,1A1A1,Coal,0,1,,,,,nan,nzl_ets,30.83,NZD,12/31/20,2020,New Zealand,NZD,1.383,22.292118582791034
New Zealand,2021,1A1A1,Coal,0,1,,,,,nan,nzl_ets,49.41,NZD,12/31/21,2021,New Zealand,NZD,1.46,33.842465753424655
Norway,2009,1A1A1,Coal,0,1,,,,,nan,eu_ets,13.15,EUR,12/31/09,2009,Euro Zone,EUR,0.695,18.92086330935252
Norway,2010,1A1A1,Coal,0,1,,,,,nan,eu_ets,14.34,EUR,12/31/10,2010,Euro Zone,EUR,0.77,18.623376623376622
Norway,2011,1A1A1,Coal,0,1,,,,,nan,eu_ets,12.94,EUR,12/31/11,2011,Euro Zone,EUR,0.765,16.915032679738562
Norway,2012,1A1A1,Coal,0,1,,,,,nan,eu_ets,7.38,EUR,12/31/12,2012,Euro Zone,EUR,0.759,9.723320158102766
Norway,2013,1A1A1,Coal,0,1,,,,,nan,eu_ets,4.47,EUR,12/31/13,2013,Euro Zone,EUR,0.726,6.1570247933884295
Norway,2014,1A1A1,Coal,0,1,,,,,nan,eu_ets,5.95,EUR,12/31/14,2014,Euro Zone,EUR,0.822,7.238442822384429
Norway,2015,1A1A1,Coal,0,1,,,,,nan,eu_ets,7.68,EUR,12/31/15,2015,EURO ZONE,EUR,0.919,8.356909684439607
Norway,2016,1A1A1,Coal,0,1,,,,,nan,eu_ets,5.35,EUR,12/31/16,2016,EURO ZONE,EUR,0.949,5.637513171759747
Norway,2017,1A1A1,Coal,0,1,,,,,nan,eu_ets,5.83,EUR,12/31/17,2017,EURO ZONE,EUR,0.833,6.998799519807924
Norway,2018,1A1A1,Coal,0,1,,,,,nan,eu_ets,15.82,EUR,12/31/18,2018,EURO ZONE,EUR,0.872,18.142201834862387
Norway,2019,1A1A1,Coal,0,1,,,,,nan,eu_ets,24.84,EUR,12/31/19,2019,Euro Zone,EUR,0.89,27.91011235955056
Norway,2020,1A1A1,Coal,0,1,,,,,nan,eu_ets,24.76,EUR,12/31/20,2020,Euro Zone,EUR,0.815,30.38036809815951
Norway,2021,1A1A1,Coal,0,1,,,,,nan,eu_ets,53.54,EUR,12/31/21,2021,Euro Zone,EUR,0.882,60.702947845804985
Norway,2022,1A1A1,Coal,0,1,,,,,nan,eu_ets,80.82,EUR,12/31/22,2022,Euro Zone,EUR,0.936,86.34615384615384
Poland,2005,1A1A1,Coal,1,1,pol_tax,0.22,0.0,0.22,PLN,eu_ets,21.56,EUR,12/31/05,2005,Euro Zone,EUR,0.847,25.454545454545453
Poland,2006,1A1A1,Coal,1,1,pol_tax,0.23,0.0,0.23,PLN,eu_ets,18.01,EUR,12/31/06,2006,Euro Zone,EUR,0.759,23.728590250329383
Poland,2007,1A1A1,Coal,1,1,pol_tax,0.23,0.0,0.23,PLN,eu_ets,0.72,EUR,12/31/07,2007,Euro Zone,EUR,0.68,1.0588235294117645
Poland,2008,1A1A1,Coal,1,1,pol_tax,0.23,0.0,0.23,PLN,eu_ets,17.38,EUR,12/31/08,2008,Euro Zone,EUR,0.731,23.77564979480164
Poland,2009,1A1A1,Coal,1,1,pol_tax,0.24,0.0,0.24,PLN,eu_ets,13.15,EUR,12/31/09,2009,Euro Zone,EUR,0.695,18.92086330935252
Poland,2010,1A1A1,Coal,1,1,pol_tax,0.24,0.0,0.24,PLN,eu_ets,14.34,EUR,12/31/10,2010,Euro Zone,EUR,0.77,18.623376623376622
Poland,2011,1A1A1,Coal,1,1,pol_tax,0.24,0.0,0.24,PLN,eu_ets,12.94,EUR,12/31/11,2011,Euro Zone,EUR,0.765,16.915032679738562
Poland,2012,1A1A1,Coal,1,1,pol_tax,0.24,0.0,0.24,PLN,eu_ets,7.38,EUR,12/31/12,2012,Euro Zone,EUR,0.759,9.723320158102766
Poland,2013,1A1A1,Coal,1,1,pol_tax,0.24,0.0,0.24,PLN,eu_ets,4.47,EUR,12/31/13,2013,Euro Zone,EUR,0.726,6.1570247933884295
Poland,2014,1A1A1,Coal,1,1,pol_tax,0.24,0.0,0.24,PLN,eu_ets,5.95,EUR,12/31/14,2014,Euro Zone,EUR,0.822,7.238442822384429
Poland,2015,1A1A1,Coal,1,1,pol_tax,0.24,0.0,0.24,PLN,eu_ets,7.68,EUR,12/31/15,2015,EURO ZONE,EUR,0.919,8.356909684439607
Poland,2016,1A1A1,Coal,1,1,pol_tax,0.29,0.0,0.29,PLN,eu_ets,5.35,EUR,12/31/16,2016,EURO ZONE,EUR,0.949,5.637513171759747
Poland,2017,1A1A1,Coal,1,1,pol_tax,0.29,0.0,0.29,PLN,eu_ets,5.83,EUR,12/31/17,2017,EURO ZONE,EUR,0.833,6.998799519807924
Poland,2018,1A1A1,Coal,1,1,pol_tax,0.29,0.0,0.29,PLN,eu_ets,15.82,EUR,12/31/18,2018,EURO ZONE,EUR,0.872,18.142201834862387
Poland,2019,1A1A1,Coal,1,1,pol_tax,0.29,0.0,0.29,PLN,eu_ets,24.84,EUR,12/31/19,2019,Euro Zone,EUR,0.89,27.91011235955056
Poland,2020,1A1A1,Coal,1,1,pol_tax,0.3,0.0,0.3,PLN,eu_ets,24.76,EUR,12/31/20,2020,Euro Zone,EUR,0.815,30.38036809815951
Poland,2021,1A1A1,Coal,1,1,pol_tax,0.31,0.0,0.31,PLN,eu_ets,53.54,EUR,12/31/21,2021,Euro Zone,EUR,0.882,60.702947845804985
Poland,2022,1A1A1,Coal,0,1,,,,,nan,eu_ets,80.82,EUR,12/31/22,2022,Euro Zone,EUR,0.936,86.34615384615384
Portugal,2005,1A1A1,Coal,0,1,,,,,nan,eu_ets,21.56,EUR,12/31/05,2005,Euro Zone,EUR,0.847,25.454545454545453
Portugal,2006,1A1A1,Coal,0,1,,,,,nan,eu_ets,18.01,EUR,12/31/06,2006,Euro Zone,EUR,0.759,23.728590250329383
Portugal,2007,1A1A1,Coal,0,1,,,,,nan,eu_ets,0.72,EUR,12/31/07,2007,Euro Zone,EUR,0.68,1.0588235294117645
Portugal,2008,1A1A1,Coal,0,1,,,,,nan,eu_ets,17.38,EUR,12/31/08,2008,Euro Zone,EUR,0.731,23.77564979480164
Portugal,2009,1A1A1,Coal,0,1,,,,,nan,eu_ets,13.15,EUR,12/31/09,2009,Euro Zone,EUR,0.695,18.92086330935252
Portugal,2010,1A1A1,Coal,0,1,,,,,nan,eu_ets,14.34,EUR,12/31/10,2010,Euro Zone,EUR,0.77,18.623376623376622
Portugal,2011,1A1A1,Coal,0,1,,,,,nan,eu_ets,12.94,EUR,12/31/11,2011,Euro Zone,EUR,0.765,16.915032679738562
Portugal,2012,1A1A1,Coal,0,1,,,,,nan,eu_ets,7.38,EUR,12/31/12,2012,Euro Zone,EUR,0.759,9.723320158102766
Portugal,2013,1A1A1,Coal,0,1,,,,,nan,eu_ets,4.47,EUR,12/31/13,2013,Euro Zone,EUR,0.726,6.1570247933884295
Portugal,2014,1A1A1,Coal,0,1,,,,,nan,eu_ets,5.95,EUR,12/31/14,2014,Euro Zone,EUR,0.822,7.238442822384429
Portugal,2015,1A1A1,Coal,0,1,,,,,nan,eu_ets,7.68,EUR,12/31/15,2015,EURO ZONE,EUR,0.919,8.356909684439607
Portugal,2016,1A1A1,Coal,0,1,,,,,nan,eu_ets,5.35,EUR,12/31/16,2016,EURO ZONE,EUR,0.949,5.637513171759747
Portugal,2017,1A1A1,Coal,0,1,,,,,nan,eu_ets,5.83,EUR,12/31/17,2017,EURO ZONE,EUR,0.833,6.998799519807924
Portugal,2018,1A1A1,Coal,0,1,,,,,nan,eu_ets,15.82,EUR,12/31/18,2018,EURO ZONE,EUR,0.872,18.142201834862387
Portugal,2019,1A1A1,Coal,0,1,,,,,nan,eu_ets,24.84,EUR,12/31/19,2019,Euro Zone,EUR,0.89,27.91011235955056
Portugal,2020,1A1A1,Coal,0,1,,,,,nan,eu_ets,24.76,EUR,12/31/20,2020,Euro Zone,EUR,0.815,30.38036809815951
Portugal,2021,1A1A1,Coal,0,1,,,,,nan,eu_ets,53.54,EUR,12/31/21,2021,Euro Zone,EUR,0.882,60.702947845804985
Portugal,2022,1A1A1,Coal,0,1,,,,,nan,eu_ets,80.82,EUR,12/31/22,2022,Euro Zone,EUR,0.936,86.34615384615384
Romania,2007,1A1A1,Coal,0,1,,,,,nan,eu_ets,0.72,EUR,12/31/07,2007,Euro Zone,EUR,0.68,1.0588235294117645
Romania,2008,1A1A1,Coal,0,1,,,,,nan,eu_ets,17.38,EUR,12/31/08,2008,Euro Zone,EUR,0.731,23.77564979480164
Romania,2009,1A1A1,Coal,0,1,,,,,nan,eu_ets,13.15,EUR,12/31/09,2009,Euro Zone,EUR,0.695,18.92086330935252
Romania,2010,1A1A1,Coal,0,1,,,,,nan,eu_ets,14.34,EUR,12/31/10,2010,Euro Zone,EUR,0.77,18.623376623376622
Romania,2011,1A1A1,Coal,0,1,,,,,nan,eu_ets,12.94,EUR,12/31/11,2011,Euro Zone,EUR,0.765,16.915032679738562
Romania,2012,1A1A1,Coal,0,1,,,,,nan,eu_ets,7.38,EUR,12/31/12,2012,Euro Zone,EUR,0.759,9.723320158102766
Romania,2013,1A1A1,Coal,0,1,,,,,nan,eu_ets,4.47,EUR,12/31/13,2013,Euro Zone,EUR,0.726,6.1570247933884295
Romania,2014,1A1A1,Coal,0,1,,,,,nan,eu_ets,5.95,EUR,12/31/14,2014,Euro Zone,EUR,0.822,7.238442822384429
Romania,2015,1A1A1,Coal,0,1,,,,,nan,eu_ets,7.68,EUR,12/31/15,2015,EURO ZONE,EUR,0.919,8.356909684439607
Romania,2016,1A1A1,Coal,0,1,,,,,nan,eu_ets,5.35,EUR,12/31/16,2016,EURO ZONE,EUR,0.949,5.637513171759747
Romania,2017,1A1A1,Coal,0,1,,,,,nan,eu_ets,5.83,EUR,12/31/17,2017,EURO ZONE,EUR,0.833,6.998799519807924
Romania,2018,1A1A1,Coal,0,1,,,,,nan,eu_ets,15.82,EUR,12/31/18,2018,EURO ZONE,EUR,0.872,18.142201834862387
Romania,2019,1A1A1,Coal,0,1,,,,,nan,eu_ets,24.84,EUR,12/31/19,2019,Euro Zone,EUR,0.89,27.91011235955056
Romania,2020,1A1A1,Coal,0,1,,,,,nan,eu_ets,24.76,EUR,12/31/20,2020,Euro Zone,EUR,0.815,30.38036809815951
Romania,2021,1A1A1,Coal,0,1,,,,,nan,eu_ets,53.54,EUR,12/31/21,2021,Euro Zone,EUR,0.882,60.702947845804985
Romania,2022,1A1A1,Coal,0,1,,,,,nan,eu_ets,80.82,EUR,12/31/22,2022,Euro Zone,EUR,0.936,86.34615384615384
Slovak Republic,2005,1A1A1,Coal,0,1,,,,,nan,eu_ets,21.56,EUR,12/31/05,2005,Euro Zone,EUR,0.847,25.454545454545453
Slovak Republic,2006,1A1A1,Coal,0,1,,,,,nan,eu_ets,18.01,EUR,12/31/06,2006,Euro Zone,EUR,0.759,23.728590250329383
Slovak Republic,2007,1A1A1,Coal,0,1,,,,,nan,eu_ets,0.72,EUR,12/31/07,2007,Euro Zone,EUR,0.68,1.0588235294117645
Slovak Republic,2008,1A1A1,Coal,0,1,,,,,nan,eu_ets,17.38,EUR,12/31/08,2008,Euro Zone,EUR,0.731,23.77564979480164
Slovak Republic,2009,1A1A1,Coal,0,1,,,,,nan,eu_ets,13.15,EUR,12/31/09,2009,Euro Zone,EUR,0.695,18.92086330935252
Slovak Republic,2010,1A1A1,Coal,0,1,,,,,nan,eu_ets,14.34,EUR,12/31/10,2010,Euro Zone,EUR,0.77,18.623376623376622
Slovak Republic,2011,1A1A1,Coal,0,1,,,,,nan,eu_ets,12.94,EUR,12/31/11,2011,Euro Zone,EUR,0.765,16.915032679738562
Slovak Republic,2012,1A1A1,Coal,0,1,,,,,nan,eu_ets,7.38,EUR,12/31/12,2012,Euro Zone,EUR,0.759,9.723320158102766
Slovak Republic,2013,1A1A1,Coal,0,1,,,,,nan,eu_ets,4.47,EUR,12/31/13,2013,Euro Zone,EUR,0.726,6.1570247933884295
Slovak Republic,2014,1A1A1,Coal,0,1,,,,,nan,eu_ets,5.95,EUR,12/31/14,2014,Euro Zone,EUR,0.822,7.238442822384429
Slovak Republic,2015,1A1A1,Coal,0,1,,,,,nan,eu_ets,7.68,EUR,12/31/15,2015,EURO ZONE,EUR,0.919,8.356909684439607
Slovak Republic,2016,1A1A1,Coal,0,1,,,,,nan,eu_ets,5.35,EUR,12/31/16,2016,EURO ZONE,EUR,0.949,5.637513171759747
Slovak Republic,2017,1A1A1,Coal,0,1,,,,,nan,eu_ets,5.83,EUR,12/31/17,2017,EURO ZONE,EUR,0.833,6.998799519807924
Slovak Republic,2018,1A1A1,Coal,0,1,,,,,nan,eu_ets,15.82,EUR,12/31/18,2018,EURO ZONE,EUR,0.872,18.142201834862387
Slovak Republic,2019,1A1A1,Coal,0,1,,,,,nan,eu_ets,24.84,EUR,12/31/19,2019,Euro Zone,EUR,0.89,27.91011235955056
Slovak Republic,2020,1A1A1,Coal,0,1,,,,,nan,eu_ets,24.76,EUR,12/31/20,2020,Euro Zone,EUR,0.815,30.38036809815951
Slovak Republic,2021,1A1A1,Coal,0,1,,,,,nan,eu_ets,53.54,EUR,12/31/21,2021,Euro Zone,EUR,0.882,60.702947845804985
Slovak Republic,2022,1A1A1,Coal,0,1,,,,,nan,eu_ets,80.82,EUR,12/31/22,2022,Euro Zone,EUR,0.936,86.34615384615384
Slovenia,2005,1A1A1,Coal,0,1,,,,,nan,eu_ets,21.56,EUR,12/31/05,2005,Euro Zone,EUR,0.847,25.454545454545453
Slovenia,2006,1A1A1,Coal,0,1,,,,,nan,eu_ets,18.01,EUR,12/31/06,2006,Euro Zone,EUR,0.759,23.728590250329383
Slovenia,2007,1A1A1,Coal,0,1,,,,,nan,eu_ets,0.72,EUR,12/31/07,2007,Euro Zone,EUR,0.68,1.0588235294117645
Slovenia,2008,1A1A1,Coal,0,1,,,,,nan,eu_ets,17.38,EUR,12/31/08,2008,Euro Zone,EUR,0.731,23.77564979480164
Slovenia,2009,1A1A1,Coal,0,1,,,,,nan,eu_ets,13.15,EUR,12/31/09,2009,Euro Zone,EUR,0.695,18.92086330935252
Slovenia,2010,1A1A1,Coal,0,1,,,,,nan,eu_ets,14.34,EUR,12/31/10,2010,Euro Zone,EUR,0.77,18.623376623376622
Slovenia,2011,1A1A1,Coal,0,1,,,,,nan,eu_ets,12.94,EUR,12/31/11,2011,Euro Zone,EUR,0.765,16.915032679738562
Slovenia,2012,1A1A1,Coal,0,1,,,,,nan,eu_ets,7.38,EUR,12/31/12,2012,Euro Zone,EUR,0.759,9.723320158102766
Slovenia,2013,1A1A1,Coal,0,1,,,,,nan,eu_ets,4.47,EUR,12/31/13,2013,Euro Zone,EUR,0.726,6.1570247933884295
Slovenia,2014,1A1A1,Coal,0,1,,,,,nan,eu_ets,5.95,EUR,12/31/14,2014,Euro Zone,EUR,0.822,7.238442822384429
Slovenia,2015,1A1A1,Coal,0,1,,,,,nan,eu_ets,7.68,EUR,12/31/15,2015,EURO ZONE,EUR,0.919,8.356909684439607
Slovenia,2016,1A1A1,Coal,0,1,,,,,nan,eu_ets,5.35,EUR,12/31/16,2016,EURO ZONE,EUR,0.949,5.637513171759747
Slovenia,2017,1A1A1,Coal,0,1,,,,,nan,eu_ets,5.83,EUR,12/31/17,2017,EURO ZONE,EUR,0.833,6.998799519807924
Slovenia,2018,1A1A1,Coal,0,1,,,,,nan,eu_ets,15.82,EUR,12/31/18,2018,EURO ZONE,EUR,0.872,18.142201834862387
Slovenia,2019,1A1A1,Coal,0,1,,,,,nan,eu_ets,24.84,EUR,12/31/19,2019,Euro Zone,EUR,0.89,27.91011235955056
Slovenia,2020,1A1A1,Coal,0,1,,,,,nan,eu_ets,24.76,EUR,12/31/20,2020,Euro Zone,EUR,0.815,30.38036809815951
Slovenia,2021,1A1A1,Coal,0,1,,,,,nan,eu_ets,53.54,EUR,12/31/21,2021,Euro Zone,EUR,0.882,60.702947845804985
Slovenia,2022,1A1A1,Coal,0,1,,,,,nan,eu_ets,80.82,EUR,12/31/22,2022,Euro Zone,EUR,0.936,86.34615384615384
Spain,2005,1A1A1,Coal,0,1,,,,,nan,eu_ets,21.56,EUR,12/31/05,2005,Euro Zone,EUR,0.847,25.454545454545453
Spain,2006,1A1A1,Coal,0,1,,,,,nan,eu_ets,18.01,EUR,12/31/06,2006,Euro Zone,EUR,0.759,23.728590250329383
Spain,2007,1A1A1,Coal,0,1,,,,,nan,eu_ets,0.72,EUR,12/31/07,2007,Euro Zone,EUR,0.68,1.0588235294117645
Spain,2008,1A1A1,Coal,0,1,,,,,nan,eu_ets,17.38,EUR,12/31/08,2008,Euro Zone,EUR,0.731,23.77564979480164
Spain,2009,1A1A1,Coal,0,1,,,,,nan,eu_ets,13.15,EUR,12/31/09,2009,Euro Zone,EUR,0.695,18.92086330935252
Spain,2010,1A1A1,Coal,0,1,,,,,nan,eu_ets,14.34,EUR,12/31/10,2010,Euro Zone,EUR,0.77,18.623376623376622
Spain,2011,1A1A1,Coal,0,1,,,,,nan,eu_ets,12.94,EUR,12/31/11,2011,Euro Zone,EUR,0.765,16.915032679738562
Spain,2012,1A1A1,Coal,0,1,,,,,nan,eu_ets,7.38,EUR,12/31/12,2012,Euro Zone,EUR,0.759,9.723320158102766
Spain,2013,1A1A1,Coal,0,1,,,,,nan,eu_ets,4.47,EUR,12/31/13,2013,Euro Zone,EUR,0.726,6.1570247933884295
Spain,2014,1A1A1,Coal,0,1,,,,,nan,eu_ets,5.95,EUR,12/31/14,2014,Euro Zone,EUR,0.822,7.238442822384429
Spain,2015,1A1A1,Coal,0,1,,,,,nan,eu_ets,7.68,EUR,12/31/15,2015,EURO ZONE,EUR,0.919,8.356909684439607
Spain,2016,1A1A1,Coal,0,1,,,,,nan,eu_ets,5.35,EUR,12/31/16,2016,EURO ZONE,EUR,0.949,5.637513171759747
Spain,2017,1A1A1,Coal,0,1,,,,,nan,eu_ets,5.83,EUR,12/31/17,2017,EURO ZONE,EUR,0.833,6.998799519807924
Spain,2018,1A1A1,Coal,0,1,,,,,nan,eu_ets,15.82,EUR,12/31/18,2018,EURO ZONE,EUR,0.872,18.142201834862387
Spain,2019,1A1A1,Coal,0,1,,,,,nan,eu_ets,24.84,EUR,12/31/19,2019,Euro Zone,EUR,0.89,27.91011235955056
Spain,2020,1A1A1,Coal,0,1,,,,,nan,eu_ets,24.76,EUR,12/31/20,2020,Euro Zone,EUR,0.815,30.38036809815951
Spain,2021,1A1A1,Coal,0,1,,,,,nan,eu_ets,53.54,EUR,12/31/21,2021,Euro Zone,EUR,0.882,60.702947845804985
Spain,2022,1A1A1,Coal,0,1,,,,,nan,eu_ets,80.82,EUR,12/31/22,2022,Euro Zone,EUR,0.936,86.34615384615384
Sweden,2005,1A1A1,Coal,0,1,,,,,nan,eu_ets,21.56,EUR,12/31/05,2005,Euro Zone,EUR,0.847,25.454545454545453
Sweden,2006,1A1A1,Coal,0,1,,,,,nan,eu_ets,18.01,EUR,12/31/06,2006,Euro Zone,EUR,0.759,23.728590250329383
Sweden,2007,1A1A1,Coal,0,1,,,,,nan,eu_ets,0.72,EUR,12/31/07,2007,Euro Zone,EUR,0.68,1.0588235294117645
Sweden,2008,1A1A1,Coal,0,1,,,,,nan,eu_ets,17.38,EUR,12/31/08,2008,Euro Zone,EUR,0.731,23.77564979480164
Sweden,2009,1A1A1,Coal,0,1,,,,,nan,eu_ets,13.15,EUR,12/31/09,2009,Euro Zone,EUR,0.695,18.92086330935252
Sweden,2010,1A1A1,Coal,0,1,,,,,nan,eu_ets,14.34,EUR,12/31/10,2010,Euro Zone,EUR,0.77,18.623376623376622
Sweden,2011,1A1A1,Coal,0,1,,,,,nan,eu_ets,12.94,EUR,12/31/11,2011,Euro Zone,EUR,0.765,16.915032679738562
Sweden,2012,1A1A1,Coal,0,1,,,,,nan,eu_ets,7.38,EUR,12/31/12,2012,Euro Zone,EUR,0.759,9.723320158102766
Sweden,2013,1A1A1,Coal,0,1,,,,,nan,eu_ets,4.47,EUR,12/31/13,2013,Euro Zone,EUR,0.726,6.1570247933884295
Sweden,2014,1A1A1,Coal,0,1,,,,,nan,eu_ets,5.95,EUR,12/31/14,2014,Euro Zone,EUR,0.822,7.238442822384429
Sweden,2015,1A1A1,Coal,0,1,,,,,nan,eu_ets,7.68,EUR,12/31/15,2015,EURO ZONE,EUR,0.919,8.356909684439607
Sweden,2016,1A1A1,Coal,0,1,,,,,nan,eu_ets,5.35,EUR,12/31/16,2016,EURO ZONE,EUR,0.949,5.637513171759747
Sweden,2017,1A1A1,Coal,0,1,,,,,nan,eu_ets,5.83,EUR,12/31/17,2017,EURO ZONE,EUR,0.833,6.998799519807924
Sweden,2018,1A1A1,Coal,0,1,,,,,nan,eu_ets,15.82,EUR,12/31/18,2018,EURO ZONE,EUR,0.872,18.142201834862387
Sweden,2019,1A1A1,Coal,0,1,,,,,nan,eu_ets,24.84,EUR,12/31/19,2019,Euro Zone,EUR,0.89,27.91011235955056
Sweden,2020,1A1A1,Coal,0,1,,,,,nan,eu_ets,24.76,EUR,12/31/20,2020,Euro Zone,EUR,0.815,30.38036809815951
Sweden,2021,1A1A1,Coal,0,1,,,,,nan,eu_ets,53.54,EUR,12/31/21,2021,Euro Zone,EUR,0.882,60.702947845804985
Sweden,2022,1A1A1,Coal,0,1,,,,,nan,eu_ets,80.82,EUR,12/31/22,2022,Euro Zone,EUR,0.936,86.34615384615384
Switzerland,2014,1A1A2,Coal,1,1,che_tax,60.0,0.0,60.0,CHF,che_ets,30.18,CHF,12/31/14,2014,Switzerland,CHF,0.989,30.51567239635996
Switzerland,2015,1A1A2,Coal,1,1,che_tax,60.0,0.0,60.0,CHF,che_ets,11.72,CHF,12/31/15,2015,SWITZERLAND,CHF,0.994,11.790744466800806
Switzerland,2016,1A1A2,Coal,1,1,che_tax,84.0,0.0,84.0,CHF,che_ets,7.64,CHF,12/31/16,2016,SWITZERLAND,CHF,1.019,7.4975466143277725
Switzerland,2017,1A1A2,Coal,1,1,che_tax,84.0,0.0,84.0,CHF,che_ets,7.09,CHF,12/31/17,2017,SWITZERLAND,CHF,0.975,7.271794871794872
Switzerland,2018,1A1A2,Coal,1,1,che_tax,96.0,0.0,96.0,CHF,che_ets,6.57,CHF,12/31/18,2018,SWITZERLAND,CHF,0.984,6.676829268292684
Switzerland,2019,1A1A2,Coal,1,1,che_tax,96.0,0.0,96.0,CHF,che_ets,12.68,CHF,12/31/19,2019,Switzerland,CHF,0.966,13.126293995859214
Switzerland,2020,1A1A1,Coal,0,1,,,,,nan,che_ets,25.5,CHF,12/31/20,2020,Switzerland,CHF,0.881,28.94438138479001
Switzerland,2021,1A1A1,Coal,0,1,,,,,nan,che_ets,48.25,CHF,12/31/21,2021,Switzerland,CHF,0.914,52.78993435448577
Switzerland,2022,1A1A1,Coal,0,1,,,,,nan,che_ets,76.49,CHF,12/31/22,2022,Switzerland,CHF,0.923,82.87107258938244
United Kingdom,2005,1A1A1,Coal,0,1,,,,,nan,eu_ets,21.56,EUR,12/31/05,2005,Euro Zone,EUR,0.847,25.454545454545453
United Kingdom,2006,1A1A1,Coal,0,1,,,,,nan,eu_ets,18.01,EUR,12/31/06,2006,Euro Zone,EUR,0.759,23.728590250329383
United Kingdom,2007,1A1A1,Coal,0,1,,,,,nan,eu_ets,0.72,EUR,12/31/07,2007,Euro Zone,EUR,0.68,1.0588235294117645
United Kingdom,2008,1A1A1,Coal,0,1,,,,,nan,eu_ets,17.38,EUR,12/31/08,2008,Euro Zone,EUR,0.731,23.77564979480164
United Kingdom,2009,1A1A1,Coal,0,1,,,,,nan,eu_ets,13.15,EUR,12/31/09,2009,Euro Zone,EUR,0.695,18.92086330935252
United Kingdom,2010,1A1A1,Coal,0,1,,,,,nan,eu_ets,14.34,EUR,12/31/10,2010,Euro Zone,EUR,0.77,18.623376623376622
United Kingdom,2011,1A1A1,Coal,0,1,,,,,nan,eu_ets,12.94,EUR,12/31/11,2011,Euro Zone,EUR,0.765,16.915032679738562
United Kingdom,2012,1A1A1,Coal,0,1,,,,,nan,eu_ets,7.38,EUR,12/31/12,2012,Euro Zone,EUR,0.759,9.723320158102766
United Kingdom,2013,1A1A1,Coal,1,1,gbr_tax,4.94,0.0,4.94,GBP,eu_ets,4.47,EUR,12/31/13,2013,Euro Zone,EUR,0.726,6.1570247933884295
United Kingdom,2014,1A1A1,Coal,1,1,gbr_tax,8.3975,0.0,8.3975,GBP,eu_ets,5.95,EUR,12/31/14,2014,Euro Zone,EUR,0.822,7.238442822384429
United Kingdom,2015,1A1A1,Coal,1,1,gbr_tax,15.9475,0.0,15.9475,GBP,eu_ets,7.68,EUR,12/31/15,2015,EURO ZONE,EUR,0.919,8.356909684439607
United Kingdom,2016,1A1A1,Coal,1,1,gbr_tax,18.02,0.0,18.02,GBP,eu_ets,5.35,EUR,12/31/16,2016,EURO ZONE,EUR,0.949,5.637513171759747
United Kingdom,2017,1A1A1,Coal,1,1,gbr_tax,18.0,0.0,18.0,GBP,eu_ets,5.83,EUR,12/31/17,2017,EURO ZONE,EUR,0.833,6.998799519807924
United Kingdom,2018,1A1A1,Coal,1,1,gbr_tax,18.0,0.0,18.0,GBP,eu_ets,15.82,EUR,12/31/18,2018,EURO ZONE,EUR,0.872,18.142201834862387
United Kingdom,2019,1A1A1,Coal,1,1,gbr_tax,18.0,0.0,18.0,GBP,eu_ets,24.84,EUR,12/31/19,2019,Euro Zone,EUR,0.89,27.91011235955056
United Kingdom,2020,1A1A1,Coal,1,1,gbr_tax,18.0,0.0,18.0,GBP,eu_ets,24.76,EUR,12/31/20,2020,Euro Zone,EUR,0.815,30.38036809815951
United Kingdom,2021,1A1A1,Coal,1,1,gbr_tax,18.0,0.0,18.0,GBP,gbr_ets,51.62,GBP,12/31/21,2021,United Kingdom,GBP,0.74,69.75675675675676
